"date","positive","death","recovered","positive7","death7","recovered7","dif_pos7","dif_dea7","dif_rec7","testPosRate7","Einfected","Epositive","dif_Epositive","dif_Erecovered","Einfected_U","Einfected_L","Epositive_U","Epositive_L","confirmRate_k_U","confirmRate_k_L","dif_Epositive_U","dif_Epositive_L","CFR","CFRadj","ECFR_k","EIFRadj_k","confirmRate_k","NCC7PerEinfected_k","prevalence","prevalence_U","prevalence_L","ascertainmentRate","docuTransmissionRate"
2020-03-13,17,0,0,17,0,0,NA,NA,NA,NA,3051.94805194805,3051.94805194805,NA,NA,3051.94805194805,3051.94805194805,3051.94805194805,3051.94805194805,NA,NA,NA,NA,NA,NA,NA,NA,NA,NA,0.0504814686180554,0.0504814686180554,0.0504814686180554,NA,NA
2020-03-14,26,0,0,21.5,0,0,4.5,0,0,NA,4069.26406926407,4069.26406926407,1017.31601731602,0,4069.26406926407,4069.26406926407,4069.26406926407,4069.26406926407,16.248012378826,4.76445475770084,1017.31601731602,1017.31601731602,NA,NA,NA,NA,8.06292343610912,0.147446808510638,0.0673086248240739,0.0673086248240739,0.0673086248240739,8.06292343610912,0.147446808510638
2020-03-15,31,0,0,24.6666666666667,0,0,3.16666666666667,0,0,NA,4108.14013956861,4108.14013956861,38.8760703045418,0,4135.05434208714,4088.5559537761,4135.05434208714,4088.5559537761,16.4145014692176,4.81327486691345,65.7902728230711,19.2918845120284,NA,NA,NA,NA,8.14554208246891,0.0778191489361702,0.0679516636601443,0.0683968443928084,0.0676277268028758,8.14554208246891,0.0778191489361702
2020-03-16,37,2,0,27.75,0.5,0,3.08333333333333,0.5,0,NA,4145.11519433126,4145.61519433126,37.4750547626445,0,4197.97366553162,4106.6525974929,4198.47366553162,4107.1525974929,16.5800527250392,4.86181997200399,63.4193234444756,18.5966437168008,NA,NA,NA,NA,8.22769533723752,0.0750542497980037,0.0685715286672675,0.0694458467125554,0.0679353289868617,8.22769533723752,0.0750542497980037
2020-03-17,57,2,0,33.6,0.8,0,5.85,0.3,0,NA,4215.21719286523,4216.01719286523,70.4019985339701,0,4316.81550920449,4141.28892759246,4317.61550920449,4142.08892759246,16.7447467531027,4.91011370955644,119.141843672873,34.9363300995647,NA,NA,NA,NA,8.30942320078783,0.141130006876667,0.0697360295759158,0.0714165405579602,0.068513201618221,8.30942320078783,0.141130006876667
2020-03-18,85,2,0,42.1666666666667,1,0,8.56666666666666,0.2,0,NA,4317.11356600008,4318.11356600008,102.096373134857,0,4489.39398681732,4191.75329320826,4490.39398681732,4192.75329320826,16.9086626518349,4.95817927384632,172.778477612833,50.664365615793,NA,NA,NA,NA,8.3907649249707,0.203231985154306,0.0714247787841911,0.074274423833503,0.0693512275411245,8.3907649249707,0.203231985154306
2020-03-19,107,2,0,51.4285714285714,1.14285714285714,0,9.26190476190477,0.142857142857143,0,NA,4426.29756866961,4427.44042581247,109.326859812387,0,4674.26581551081,4245.86286273922,4675.40867265367,4247.00571988207,17.0718718585447,5.00603761265595,185.014685836347,54.2524266738164,NA,NA,NA,NA,8.47175595987931,0.21453937783981,0.0732331255675535,0.0773347030053471,0.0702486026366277,8.47175595987931,0.21453937783981
2020-03-20,149,3,0,70.2857142857143,1.57142857142857,0,18.8571428571429,0.428571428571429,0,100,4646.35766760116,4647.92909617259,220.488670360117,0,5046.97191699936,4354.84972171491,5048.54334557079,4356.42115028634,17.2344456238662,5.05370961902844,373.134672917121,109.415430404269,NA,NA,NA,NA,8.55243166297121,0.426025373117059,0.0768801705709298,0.0835066253187531,0.0720584144428144,8.55243166297121,0.426025373117059
2020-03-21,190,3,0,93.7142857142857,2,0,23.4285714285714,0.428571428571429,0,100,4917.31846044875,4919.31846044875,271.389364276159,0,5505.81765434583,4489.09557165647,5507.81765434583,4491.09557165647,17.3964522663016,5.10121532620873,459.274308775038,134.674421370124,NA,NA,NA,NA,8.63282593666093,0.504235370148503,0.0813691505413576,0.0911033606533232,0.0742860285634778,8.63282593666093,0.504235370148503
2020-03-22,244,4,0,124.142857142857,2.57142857142857,0,30.4285714285714,0.571428571428572,0,99.9999999999999,5265.9799446354,5268.55137320683,349.232912758085,0,6096.25577044193,4661.82769377702,6098.82719901336,4664.39912234845,17.5579619154215,5.14857529850705,591.00954466753,173.303550691982,NA,NA,NA,NA,8.71297358208886,0.618804220708851,0.0871457201374673,0.10087909381597,0.0771525969344796,8.71297358208886,0.618804220708851
2020-03-23,288,4,0,160,2.85714285714286,0,35.8571428571429,0.285714285714286,0,100,5598.2327396774,5676.34745829212,407.796085085291,75.2575757575758,6658.38137963388,4826.8129690825,6788.94365069616,4866.76409690205,17.719045964471,5.19581047078473,690.116451682798,202.364974553603,NA,NA,NA,NA,8.79291002748184,0.680920428827769,0.0938909677371631,0.112294128215456,0.0804998626606445,8.79291002748184,0.680920428827769
2020-03-24,349,5,0,201.714285714286,3.28571428571429,0,41.7142857142857,0.428571428571428,0,100,6022.79306499629,6146.49090049412,470.143442202003,45.1545454545455,7376.9570950087,5037.43227122786,7584.57101442262,5100.06836145342,17.8797784920476,5.24294256533727,795.627363726468,233.30426455137,NA,NA,NA,NA,8.87267203364769,0.745132565678696,0.101667486544014,0.125454390811664,0.0843588870309613,8.87267203364769,0.745132565678696
2020-03-25,423,5,0,250,3.71428571428571,0,48.2857142857143,0.428571428571429,0,100,6531.62819629631,6685.85763352575,539.366733031628,30.1030303030303,8238.22094358237,5289.82177784506,8497.34548570692,5367.72403348416,18.0402357698476,5.28999394754931,912.774471284292,267.655672030734,NA,NA,NA,NA,8.95229744969883,0.801715298424501,0.110589009565934,0.14055235284876,0.0887861089816887,8.95229744969883,0.801715298424501
2020-03-26,580,7,0,317.571428571429,4.42857142857143,0,67.5714285714286,0.714285714285714,0,100,7257.55983237791,7434.0057198238,748.148086298046,21.5021645021645,9467.11623980837,5649.77066707137,9763.44224713438,5738.98548984258,18.2004965541569,5.33698771136932,1266.09676142746,371.261456358428,NA,NA,NA,NA,9.03182535770193,1.0345246704219,0.122963929943758,0.161494525795847,0.0949270469135413,9.03182535770193,1.0345246704219
2020-03-27,774,10,25,406.857142857143,5.42857142857143,3.57142857142857,89.2857142857143,1,3.57142857142857,100,8171.99860347524,8413.95098442762,979.945264603821,64.5064935064935,11015.0236106764,6103.26445036564,11421.8111564639,6225.27411739035,18.3606420606546,5.38394767192128,1658.36890932954,486.288627547761,NA,NA,NA,NA,9.11129606017448,1.23024118998626,0.139172946375389,0.188925168987838,0.102970618977358,9.11129606017448,1.23024118998626
2020-03-28,992,17,25,521.428571428571,7.42857142857143,7.14285714285714,114.571428571429,2,3.57142857142857,6.56086387434555,9352.08695375606,9660.54582821494,1246.59484378732,64.5064935064935,13013.1841155472,6688.08058122465,13531.4331997963,6843.88509250285,18.5207558838723,5.43089834188736,2109.62204333239,618.610975112503,1.71370967741935,NA,0.17597349365446,NA,9.19075104011707,1.40199556334387,0.159792543241041,0.223819871375864,0.113202900128734,9.19075104011707,1.40199556334387
2020-03-29,1239,24,25,663.571428571429,10.2857142857143,10.7142857142857,142.142857142857,2.85714285714286,3.57142857142857,7.50660128253489,10796.5466382711,11193.8713135957,1533.3254853808,86.0086580086581,15459.2367684627,7403.7286738626,16126.2917135177,7604.78345366926,18.6809256527982,5.47786541698593,2594.85851372135,760.898361166413,1.93704600484262,NA,0.214403036515618,NA,9.27023378259157,1.5198992477941,0.185154876103197,0.266740742373358,0.125788719443789,9.27023378259157,1.5198992477941
2020-03-30,1413,35,25,824.285714285714,14.7142857142857,14.2857142857143,160.714285714286,4.42857142857143,3.57142857142857,7.84136056318394,12468.0219127442,12912.7794885018,1718.90817490605,43.004329004329,18290.7553648239,8231.09556624348,19035.2132402817,8457.77548031437,18.8412412653362,5.52487525825647,2908.92152676409,852.992026645108,2.47699929228592,NA,0.271049312281417,NA,9.34978889858788,1.48856449974901,0.213586883336561,0.314856446922129,0.139897835815233,9.34978889858788,1.48856449974901
2020-03-31,1660,43,25,1011.57142857143,20.1428571428571,17.8571428571429,187.285714285714,5.42857142857143,3.57142857142857,8.15045073049425,14384.2626445865,14898.9552852792,1986.17579677738,64.5064935064935,21537.0858340955,9179.49322264643,22396.4338194435,9443.39655239939,19.0017968963999,5.57195548089923,3361.22057916172,985.621072085018,2.59036144578313,118.487394957983,0.288610839999539,1.40893617021277,9.42946312152177,1.50212115857558,0.246439693885207,0.37045351092753,0.156200734282982,9.42946312152177,1.50212115857558
2020-04-01,1985,52,25,1234.71428571429,26.8571428571429,21.4285714285714,223.142857142857,6.71428571428572,3.57142857142857,8.35249451900969,16659.6158944822,17245.5293143957,2346.57402911649,64.5064935064936,25392.035289963,10305.4494003605,26367.5590994868,10607.8618600813,19.1626882888485,5.61913415988792,3971.12528004329,1164.46530768187,2.61964735516373,103.296703296703,0.301527422278614,1.27787234042553,9.50930396288725,1.55129055525958,0.28525375663938,0.43613884789613,0.175461848130918,9.50930396288725,1.55129055525958
2020-04-02,2331,64,81,1484.85714285714,35,33,250.142857142857,8.14285714285714,11.5714285714286,8.52192534189906,19152.5079610399,19854.075060607,2608.54574621137,107.510822510823,29615.9185674342,11538.7814462785,30782.0211315368,11902.3281702313,19.3240144746502,5.66644033467186,4414.46203205002,1294.46631015001,2.74560274560275,112.903225806452,0.322351959507718,1.55788258982617,9.58936056636776,1.50148448386604,0.328401024543261,0.509157301271929,0.196873274308783,9.58936056636776,1.50148448386604
2020-04-03,2758,84,159,1768.28571428571,45.5714285714286,52.1428571428571,283.428571428571,10.5714285714286,19.1428571428571,8.69336605030234,21922.5266576303,22785.180337284,2931.10527667692,150.515151515152,34310.2688891365,12908.5554933513,35742.3531382208,13356.8616158003,19.4858751644379,5.71390324370735,4960.332006684,1454.53344556899,3.04568527918782,123.166023166023,0.368660676617726,2.02623726666339,9.66968241242783,1.47984329473666,0.376883664654496,0.591204846075558,0.220932328800073,9.66968241242783,1.47984329473666
2020-04-04,3125,101,159,2073,57.5714285714286,71.2857142857143,304.714285714286,12,19.1428571428571,16.2799572584339,24734.6684262076,25910.3524088916,3125.17207160763,301.030303030303,39076.2011128828,14299.016822119,41031.1058747875,14907.6988844176,19.6483726487925,5.76155288197675,5288.75273656676,1550.83726861732,3.232,101.002506265664,0.389805581977882,2.39562590425206,9.7503202618068,1.38995278049366,0.428576312489109,0.678684711641826,0.246584319454843,9.7503202618068,1.38995278049366
2020-04-05,3609,122,159,2411.57142857143,71.5714285714286,90.4285714285714,338.571428571428,14,19.1428571428571,16.0743353228432,27734.4278904616,29354.1551631889,3443.8027542973,430.04329004329,44160.4314150269,15782.0059440152,46859.0797666753,16616.6536346704,19.8116087345991,5.8094191026268,5827.97389188773,1708.95475025279,3.38043779440288,84.2016806722689,0.415614073448083,2.82530781405571,9.83132463521459,1.36880687129949,0.485539346495165,0.775083692267458,0.274851689713487,9.83132463521459,1.36880687129949
2020-04-06,4045,138,184,2787.57142857143,86.2857142857143,113.142857142857,376,14.7142857142857,22.7142857142857,17.6786673831273,30846.2426198027,33147.2512778113,3793.09611462247,666.567099567099,49433.7002976481,17321.03323183,53278.1654991133,18498.9419321522,19.9756860042652,5.85753198621312,6419.08573243803,1882.28829748183,3.41161928306551,80.6408544726302,0.416324113403565,3.11692505664096,9.91274643820682,1.35570990517452,0.548279949944611,0.881260098104982,0.305986124507949,9.91274643820682,1.35570990517452
2020-04-07,4371,160,288,3174.85714285714,103,150.714285714286,387.285714285714,16.7142857142857,37.5714285714286,17.9548314457911,33887.3815106507,37022.1867054559,3874.93542764458,817.082251082251,54588.0562228195,18824.4845396407,59835.7485305118,20421.8422195548,20.140707077893,5.90592162434457,6557.58303139851,1922.90028740257,3.66048959048273,69.1275167785235,0.432173283747232,3.44239330440205,9.99463659504465,1.25553133505659,0.612374235908217,0.989727351274163,0.337792311527484,9.99463659504465,1.25553133505659
2020-04-08,5529,191,365,3681.14285714286,122.857142857143,199.285714285714,506.285714285715,19.8571428571429,48.5714285714286,18.4161297027645,37881.071180995,42046.335250259,5024.1485448031,1010.60173160173,61355.7068737317,20799.6946660629,68338.1537601786,22915.0287154721,20.3067726828608,5.95461755362084,8502.40522966678,2493.18649591733,3.45451257008501,64.6616541353384,0.454260755100704,3.88265166273819,10.077045090743,1.49401944688184,0.69547735325487,1.13036339601465,0.379031452466424,10.077045090743,1.49401944688184
2020-04-09,6185,221,376,4231.71428571429,145.285714285714,241.428571428571,550.571428571428,22.4285714285714,42.1428571428571,18.9777427614733,42052.0176837043,47465.3337010204,5418.99845076133,1225.62337662338,68424.1218343608,22862.2911045717,77508.7665230055,25604.1557662258,20.4739834965071,6.00364929596823,9170.61276282687,2689.12705075374,3.57316087308003,59.5433255269321,0.465602962768698,4.19470143394432,10.1600218854847,1.45341736950953,0.78511157886326,1.28205208550577,0.423511594497655,10.1600218854847,1.45341736950953
2020-04-10,6968,255,397,4833.14285714286,169.714285714286,275.428571428571,601.428571428572,24.4285714285714,34,20.2813373157337,46307.6815714899,53336.5863333946,5871.25263237429,1591.16017316017,75635.6079741297,24967.1436460936,87444.7325162543,28517.7097040958,20.642438213046,6.05304579179543,9935.9659932488,2913.55393786995,3.65958668197474,58.9285714285714,0.478095839141362,4.49232542358715,10.2436159553461,1.43019914615776,0.882226421732454,1.44640028113056,0.471703922538007,10.2436159553461,1.43019914615776
2020-04-11,7694,298,431,5485.85714285714,197.857142857143,314.285714285714,652.714285714286,28.1428571428571,38.8571428571428,21.1253930090623,50793.2843250747,59656.5137623042,6319.92742890953,1806.18181818182,83237.8038428337,27184.9497386352,98139.9943190242,31653.914292878,20.8122355298174,6.10283598242766,10695.26180277,3136.20458878217,3.87314790746036,56.6925910765452,0.499526340388165,4.8482948209692,10.3278762779545,1.40951525053362,0.986762676196957,1.62330778868588,0.523579056332422,10.3278762779545,1.40951525053362
2020-04-12,8225,335,456,6145.28571428571,228.285714285714,356.714285714286,659.428571428572,30.4285714285714,42.4285714285714,21.5429131469641,54988.477854201,65989.3479840711,6332.83422176692,2107.21212121212,90348.7357492671,29258.4990516925,108857.09838663,34796.5237563112,20.9834718281592,6.15304813006171,10717.1040676056,3142.6094634332,4.07294832826748,53.968253968254,0.507657690572824,5.01057632935776,10.4128506816429,1.29825976628981,1.09151241852151,1.80057658338896,0.575560131470921,10.4128506816429,1.29825976628981
2020-04-13,8936,384,603,6844,263.428571428571,416.571428571429,698.714285714285,35.1428571428572,59.8571428571428,22.0972259871691,59393.9296682322,72644.6655989682,6655.31761489708,2214.72294372295,97818.258599386,31434.3720249282,120119.943581071,38099.1625727263,21.156242766889,6.2037102850276,11262.8451944412,3302.6388164151,4.29722470904208,45.4187192118227,0.528600409725686,5.16545203854244,10.4985866362005,1.27065747243077,1.20159627368581,1.98687233828239,0.630188209973506,10.4985866362005,1.27065747243077
2020-04-14,9472,421,607,7572.71428571429,300.714285714286,462.142857142857,728.714285714285,37.2857142857143,45.5714285714286,23.0751832081788,63725.2111802897,79528.9860720646,6884.32047309642,2515.75324675325,105162.361378033,33573.3667172703,131770.332074003,41515.4419052403,21.3306411679759,6.25484966579744,11650.3884929324,3416.27933251401,4.44467905405405,38.8519748984865,0.529366738837226,5.00359463442536,10.5851302036572,1.22692001418054,1.31546800479127,2.17957834476855,0.686695986311553,10.5851302036572,1.22692001418054
2020-04-15,10032,469,607,8216,340.428571428571,496.714285714286,643.285714285715,39.7142857142857,34.5714285714286,26.0273972602739,66724.1882626624,85556.4783059524,6027.49223388785,2988.80086580087,110251.300616334,35051.5776861814,141970.703546737,44506.528276944,21.5067582257511,6.30649301356611,10200.3714727332,2991.08637170374,4.67503987240829,34.3173963133641,0.548175905888555,4.85479814846716,10.6725266383427,1.00947164516148,1.41516716574401,2.3483000017655,0.736170757912162,10.6725266383427,1.00947164516148
2020-04-16,10784,499,736,8873,380.142857142857,548.142857142857,657,39.7142857142857,51.4285714285714,26.5623195102229,69414.1171577769,91661.9613136211,6105.48300766862,3375.83982683983,114815.455010264,36377.7217780642,152303.059405868,47536.3168371405,21.6846815197361,6.35866600954668,10332.3558591315,3029.78856019647,4.62722551928783,30.6814251124178,0.544391580595437,4.4577964675539,10.7608194007713,0.984654810765871,1.51615635153731,2.5192047777234,0.786285692215607,10.7608194007713,0.984654810765871
2020-04-17,11572,541,736,9530.71428571429,421,596.571428571429,657.714285714286,40.8571428571428,48.4285714285714,26.2171858094642,71758.2446567232,97723.8160852946,6061.85477167353,3676.87012987013,118793.813634854,37532.6969708818,162561.582865623,50544.4552952642,21.8644950978928,6.41139329938209,10258.5234597552,3008.13845812371,4.67507777393709,29.794762915782,0.553600976375921,4.18964794126419,10.8500501989543,0.947527595265589,1.61642389417393,2.68888831141614,0.836042517884906,10.8500501989543,0.947527595265589
2020-04-18,12308,582,771,10189.8571428571,461.571428571429,645.142857142857,659.142857142857,40.5714285714286,48.5714285714286,25.4467240238253,73506.6762993495,103748.745563419,6024.92947812416,4235.92640692641,121761.302348749,38394.0787312399,172757.617367064,53534.2699235063,22.0462784186194,6.46469818290344,10196.0345014409,2989.81462824207,4.72863178420539,27.8055077452668,0.560970638092428,3.90631415999377,10.9402584633751,0.918566529249462,1.71608066525881,2.85753823171363,0.885496253911988,10.9402584633751,0.918566529249462
2020-04-19,12830,626,914,10847.7142857143,503.142857142857,710.571428571429,657.857142857143,41.5714285714286,65.4285714285714,25.4040933414244,74848.5963715462,109712.198103148,5963.45253972919,4579.96103896104,124039.958295104,39054.3806360249,182849.61397276,56493.5771988606,22.2301059554005,6.51860249820015,10091.9966056955,2959.30727535433,4.87918939984412,25.3472472112271,0.570583773566777,3.62992627589255,11.0314811508002,0.894969403393672,1.81472056250327,3.02446728858887,0.93444537585285,11.0314811508002,0.894969403393672
2020-04-20,13684,683,917,11526,545.857142857143,755.428571428571,678.285714285714,42.7142857142857,44.8571428571429,24.1677695205131,75613.9835809923,115809.832065841,6097.63396269282,5289.53246753247,125340.470715485,39430.3826669208,193168.686832702,59519.470744257,22.4160468340881,6.57312651525891,10319.0728599417,3025.89354539644,4.99123063431745,23.4172948458663,0.589759943362751,3.44009981787143,11.1237525642843,0.906218494443773,1.91557991931165,3.1951523539569,0.984495883742723,11.1237525642843,0.906218494443773
2020-04-21,14193,732,930,12200.4285714286,590.285714285714,801.571428571429,674.428571428571,44.4285714285714,46.1428571428571,23.7212340468294,75969.9917401465,121822.333731489,6012.50166564775,5612.06493506493,125947.891116691,39603.4500885419,203343.68965149,62503.1181873604,22.6041643421206,6.6282887920504,10175.0028187885,2983.64744310339,5.1574719932361,21.4026727442246,0.600875042841831,3.21261446766875,11.2171041096238,0.891945551259678,2.01503112522476,3.36345439473293,1.03384760998532,11.2171041096238,0.891945551259678
2020-04-22,14775,779,981,12878,634.571428571429,855,677.571428571429,44.2857142857142,53.4285714285714,22.840219589714,75938.1814701258,127812.410907355,5990.07717586671,5977.60173160173,125897.223187206,39585.3616409055,213480.743333726,65475.6376881665,22.7945158438052,6.68410614968723,10137.053682236,2972.51950080604,5.27241962774958,20.3062857142857,0.609486977414625,3.0065202807997,11.3115642533169,0.891904041570257,2.11411141356068,3.53112872883987,1.0830152718663,11.3115642533169,0.891904041570257
2020-04-23,15737,831,1040,13585.5714285714,682,898.428571428571,707.571428571429,47.4285714285714,43.4285714285714,23.3005598155902,76116.0232066213,134015.282946881,6202.87203952584,5977.60173160174,126203.526785231,39669.7277872652,223977.911400616,68553.7546401116,22.9871521978492,6.74059350162495,10497.1680668899,3078.11695194515,5.28054902459173,18.8972014408423,0.620078532632266,2.83094504127342,11.4071582335191,0.931785378633858,2.21671148567045,3.70475962010255,1.13392959336438,11.4071582335191,0.931785378633858
2020-04-24,16616,899,1108,14306.1428571429,733.142857142857,951.571428571429,720.571428571428,51.1428571428571,53.1428571428571,22.2134143656141,76178.9711623109,140278.992807333,6263.70986045149,6149.61904761904,126317.174973981,39695.7835934184,234578.035779841,71662.0617889071,23.1821179207037,6.79776390155972,10600.1243792256,3108.30714879547,5.41044776119403,18.1246689034081,0.640865736208086,2.71214041992612,11.5039081411011,0.94668924128023,2.32031786014696,3.88009348460126,1.18534328295423,11.5039081411011,0.94668924128023
2020-04-25,17766,948,1165,15085.8571428571,785.428571428571,1007.85714285714,779.714285714286,52.2857142857143,56.2857142857143,22.9781501284049,76740.6837791196,146999.605857042,6720.61304970909,6106.61471861472,127275.875446382,39968.6270187305,245951.380940888,74997.1028511688,23.3794508420691,6.85562844241124,11373.3451610462,3335.04106226168,5.33603512326917,17.9690819361375,0.64489968831749,2.56062670620235,11.6018327486959,1.02354658222962,2.43148174989483,4.06821699032843,1.24050731846821,11.6018327486959,1.02354658222962
2020-04-26,18581,1001,1177,15907.4285714286,839,1045.42857142857,821.571428571428,53.5714285714286,37.5714285714284,19.986793633141,77451.3918256559,154021.015202279,7021.4093452376,6257.12987012988,128486.919832828,40315.2640944553,257833.765986674,78481.4112480536,23.579182293564,6.91419631164658,11882.3850457867,3484.30839688482,5.3872235078844,15.1745342738289,0.649911311573531,2.38070688929741,11.700947604325,1.07060097441969,2.54762103191501,4.26476039067027,1.29814034563612,11.700947604325,1.07060097441969
2020-04-27,19487,1045,1263,16736.4285714286,890.714285714286,1094.85714285714,829.000000000002,51.7142857142857,49.4285714285716,17.2816343548051,77995.2009056623,161045.685754147,7024.67055186792,6429.14718614718,129413.442891301,40580.5904048344,269721.669997528,81967.3379880783,23.7813374125623,6.9734748803754,11887.9040108534,3485.92674002468,5.36254939190229,14.4012010624783,0.648884194013927,2.20160676965289,11.8012651821738,1.07037028390139,2.66381425669482,4.46139507875918,1.35580014139151,11.8012651821738,1.07037028390139
2020-04-28,20113,1099,1295,17582.1428571429,943.142857142857,1147,845.714285714286,52.4285714285714,52.1428571428571,17.3352855051245,78360.7730466178,168150.859626704,7105.17387255726,6687.17316017316,130037.641899072,40757.9720687673,281745.81039724,85493.2137443849,23.9859355282609,7.0334698165577,12024.1403997123,3525.87575630663,5.46412767861582,13.5353452517632,0.653579769047737,2.06049932241708,11.9027950741746,1.08433957816771,2.78133906569161,4.66028321706144,1.41412072329969,11.9027950741746,1.08433957816771
2020-04-29,20849,1168,1361,18449.8571428571,998.714285714286,1201.28571428571,867.714285714283,55.5714285714286,54.2857142857142,17.656976744186,78867.143978204,175378.472982533,7227.61335582854,6665.670995671,130902.390508569,41003.5685998014,293977.156076334,89079.8489435178,24.1929897393537,7.09418496116388,12231.3456790944,3586.63519913294,5.60218715525925,12.9804300196814,0.665988236832424,1.95787505225965,12.0055437804312,1.10735882966947,2.90088911392156,4.86259868329674,1.47344631114313,12.0055437804312,1.10735882966947
2020-04-30,21742,1226,1432,19307.7142857143,1055.14285714286,1257.28571428571,857.857142857145,56.4285714285714,56,17.5282407542544,78756.1545256018,182462.630716078,7084.15773354503,7138.71861471861,130720.792973396,40943.9572924951,305965.730702334,92595.2956383597,24.4025074854883,7.15562249574468,11988.5746259993,3515.4466948419,5.63885567105142,12.8284845853235,0.671918406080489,1.85787560788741,12.1095149927987,1.08775226917122,3.01806630050016,5.06089853750668,1.53159438869341,12.1095149927987,1.08775226917122
2020-05-01,23472,1276,1517,20287.1428571429,1109,1315.71428571429,979.428571428572,53.8571428571429,58.4285714285716,18.9042380125183,79022.9578154375,190481.066040546,8018.43532446775,7697.77489177488,131174.185353997,41074.9885705875,319535.390482202,96574.3688068926,24.6144901072453,7.21778281340277,13569.6597798684,3979.07316853285,5.43626448534424,12.4104744852283,0.669882853200953,1.75649511148431,12.2147093765278,1.24365601706009,3.15069712655228,5.2853507046718,1.59741118959145,12.2147093765278,1.24365601706009
2020-05-02,24473,1323,1590,21245.2857142857,1162.57142857143,1376.42857142857,958.142857142855,53.5714285714287,60.7142857142856,18.4263303936921,78876.0176562047,198257.489517677,7776.42347713077,7869.79220779223,130926.407502109,41001.4232069295,332695.491751193,100433.345870732,24.8289337120234,7.2806647726986,13160.1012689905,3858.97706383934,5.405957585911,12.2737693050193,0.667314008272077,1.66354440731983,12.3211249999515,1.21252279481828,3.27932489840145,5.50302847241655,1.66124151246397,12.3211249999515,1.21252279481828
2020-05-03,25462,1372,1666,22228.2857142857,1215.57142857143,1446.28571428571,983,53,69.8571428571429,19.0456420050375,78668.7831985365,206166.56674832,7909.07723064354,8063.31168831167,130575.30743089,40898.8729175174,346080.083987666,104358.151113006,25.0458287563436,7.34426557516841,13384.5922364737,3924.80524227425,5.38842196213966,12.1169400774664,0.665481324949686,1.60361906797249,12.4287571272081,1.24629949000634,3.41014686103664,5.72441948610688,1.72616068189197,12.4287571272081,1.24629949000634
2020-05-04,26408,1424,1695,23217,1269.71428571429,1508,988.714285714286,54.1428571428571,61.7142857142858,21.6152909210157,78716.8506101519,214052.560566862,7885.99381854181,7783.78354978355,130658.333599997,40921.5025030881,359425.611988276,108271.501428974,25.2651617127124,7.40858125410364,13345.5280006093,3913.35031596811,5.39230536201151,11.7740568037304,0.665257166851408,1.55353429011604,12.5375990454062,1.2568493364195,3.54058700703414,5.94516434856419,1.790890378402,12.5375990454062,1.2568493364195
2020-05-05,27117,1476,1810,24217.5714285714,1323.57142857143,1581.57142857143,1000.57142857143,53.8571428571429,73.5714285714287,21.6721331765579,78682.829615016,221963.691086878,7911.13052001563,7891.29437229439,130601.748619218,40903.9002477146,372813.679022148,112197.325596802,25.4869139777388,7.47360635437454,13388.0670338726,3925.8241678273,5.4430799867242,11.4377067799121,0.664973623736635,1.51037900393874,12.6476415227877,1.27114805689905,3.67144293258786,6.16661283796278,1.85582640160911,12.6476415227877,1.27114805689905
2020-05-06,28163,1520,1903,25262.4285714286,1373.85714285714,1659,1044.85714285714,50.2857142857142,77.4285714285713,22.108031315177,78457.4604470057,230152.949624495,8189.25853761731,8364.34199134196,130216.695301926,40794.7256444699,386672.424239655,116261.168179379,25.7110633993744,7.53933438026767,13858.7452175062,4063.84258257701,5.39715229201434,11.1623102279586,0.660430380092869,1.46507795515548,12.7588735666068,1.32798633769459,3.80689930040119,6.39584669118535,1.92304535105031,12.7588735666068,1.32798633769459
2020-05-07,29374,1580,2029,26352.7142857143,1424.42857142857,1744.28571428571,1090.28571428571,50.5714285714284,85.2857142857142,22.2890686603779,78384.2187494902,238623.634333906,8470.684709411,8493.354978355,130088.692868768,40761.3307312023,401007.429132504,120464.665854725,25.9375833768187,7.60575753154834,14335.0048928494,4203.49767534681,5.3789065159665,11.1023271350629,0.66213055735674,1.44013156906631,12.8712819764664,1.38970846462194,3.94701066437367,6.63295823021569,1.99257429858553,12.8712819764664,1.38970846462194
2020-05-08,30485,1643,2041,27354.5714285714,1476.85714285714,1819.14285714286,1001.85714285714,52.4285714285716,74.8571428571429,22.4746827329829,77941.0577245873,246339.217897747,7715.58356384165,8106.31601731601,129337.739046404,40542.135893925,414064.570548236,124293.451683399,26.1664451261378,7.67286736781486,13057.141415732,3828.78582867331,5.38953583729703,10.7925836221656,0.666966475748896,1.41870510533675,12.9848524686098,1.27819095038478,4.07463209924686,6.84893296615494,2.05590523619177,12.9848524686098,1.27819095038478
2020-05-09,31534,1692,2159,28363.2857142857,1529.57142857143,1900.42857142857,1008.71428571429,52.7142857142858,81.2857142857142,23.1462663082672,77525.3942032667,254039.580350453,7700.36245270542,8063.31168831172,128633.715065269,40336.2985718519,427095.953160507,128114.684178726,26.3976161342634,7.74065435515994,13031.3826122708,3821.23249532749,5.36563709012494,10.7769423558897,0.666037944821768,1.38890788591308,13.0995689087322,1.29425957008451,4.20200176573112,7.06448163251291,2.11911123610125,13.0995689087322,1.29425957008451
2020-05-10,32587,1739,2293,29381.1428571429,1582,1990,1017.85714285714,52.4285714285713,89.5714285714287,26.2556656962821,77197.7075278473,261741.625276765,7702.0449263122,7977.30303030301,128078.772779394,40173.9750014504,440130.183035804,131936.751585768,26.6310620524836,7.80910842140497,13034.2298752976,3822.06740704212,5.33648387393746,10.7072758037225,0.664395660476695,1.36058774547373,13.2154142516084,1.31299558932072,4.32939926156801,7.28007739469843,2.18233104606543,13.2154142516084,1.31299558932072
2020-05-11,33373,1788,2298,30376.1428571429,1634,2076.14285714286,995,52,86.1428571428573,25.0674824545618,76459.4264752881,269204.664570526,7463.03929376119,8149.32034632037,126827.89055858,39808.6894522749,452759.941840631,135640.214693951,26.8667452850198,7.87821854222385,12629.7588048266,3703.46310818224,5.35762442693195,10.3831734129758,0.664178684590207,1.33417619295607,13.3323698406865,1.28896157890155,4.45284342820868,7.48898290747494,2.24358905357132,13.3323698406865,1.28896157890155
2020-05-12,34061,1834,2394,31368.1428571429,1685.14285714286,2159.57142857143,992,51.1428571428571,83.4285714285711,23.6190476190475,75677.2040035512,276579.900973248,7375.2364027219,8106.31601731601,125502.250331684,39421.8862493292,465241.111137545,139300.10644267,27.1046268061664,7.94797327398864,12481.169296914,3659.89174871915,5.38445729720208,10.1416878739941,0.663099521529365,1.307394616469,13.4504163098269,1.29748659740988,4.57483527036244,7.69543064035055,2.30412635870026,13.4504163098269,1.29748659740988
2020-05-13,34812,1881,2456,32318,1736.71428571429,2238.57142857143,949.857142857141,51.5714285714287,79,22.491712333401,75056.7957780609,283579.826081091,6999.92510784301,7568.76190476189,124453.218829206,39113.3668076788,477087.138243125,142773.753488667,27.3446648516486,8.0183603700323,11846.0271055804,3473.64704599723,5.40330920372285,9.77549412199868,0.663305294313185,1.27959526764261,13.5695329339008,1.25521004050453,4.69061918727242,7.89137265358281,2.36158303927212,13.5695329339008,1.25521004050453
2020-05-14,35903,1935,2569,33250.7142857143,1787.42857142857,2315.71428571429,932.714285714283,50.7142857142856,77.1428571428573,21.8697661954847,74207.5718617578,290393.082684269,6813.2566031774,7611.76623376622,123016.169564253,38691.8754550128,488617.264802349,146154.768043627,27.5868166360276,8.0893672842487,11530.1265592233,3381.01455496025,5.38952176698326,9.61965756110312,0.666338186197031,1.25632206582895,13.6896984810363,1.24274678403526,4.80331546962903,8.08208943910939,2.41750751021601,13.6896984810363,1.24274678403526
2020-05-15,36986,1991,2685,34179.4285714286,1837.14285714286,2407.71428571429,928.71428571429,49.7142857142858,92,21.2180554195634,72991.0700682084,297117.589548728,6724.50686445931,7891.29437229439,120955.595100445,38089.5652201902,499997.199496049,149491.741374863,27.8310370964354,8.16098080271415,11379.9346937003,3336.97333123544,5.38311793651652,9.42753044153978,0.670105059422432,1.23629514859496,13.8108905892086,1.25158065156774,4.91454376594077,8.27032194056002,2.47270350688198,13.8108905892086,1.25158065156774
2020-05-16,37968,2040,2806,35098.5714285714,1886.85714285714,2500.14285714286,919.142857142855,49.7142857142858,92.4285714285716,18.8420651887427,71603.8930238444,303714.425491377,6596.83594264899,7934.29870129871,118605.987794598,37402.7029274983,511161.075706686,152765.359211064,28.0772803403743,8.23318746823005,11163.8762106367,3273.61783620174,5.37294563843236,9.38128147395785,0.671683604326499,1.21319629559362,13.933086484697,1.25932908583199,5.02366029117282,8.4549806755681,2.52685155699713,13.933086484697,1.25932908583199
2020-05-17,38804,2090,2816,35986.7142857143,1937,2574.85714285714,888.142857142855,50.1428571428571,74.7142857142853,17.7653950564366,69980.9409733325,310032.910670302,6318.48517892533,7891.29437229436,115857.871137687,36598.4796757943,521853.896778713,155900.848096847,28.3254984946697,8.30597324279788,10692.8210720275,3135.48888578251,5.38604267601278,9.29061345867907,0.6741219812701,1.1917084032361,14.0562624108887,1.24043271739281,5.12817268976033,8.63184781163927,2.5787148525368,14.0562624108887,1.24043271739281
2020-05-18,39762,2122,2817,36899.4285714286,1984.71428571429,2649,912.71428571429,47.7142857142858,74.1428571428573,17.3963949245766,68542.8908975658,316469.362759038,6436.45208873547,7826.78787878787,113421.280899577,35887.0198100539,532746.35415965,159094.876952911,28.5756430779077,8.37932391006317,10892.4573809369,3194.02885606419,5.33675368442231,9.12848075482608,0.670523042578282,1.16297786109527,14.1803943093377,1.30431728314471,5.23463634792178,8.81201707929712,2.63154644230113,14.1803943093377,1.30431728314471
2020-05-19,41546,2164,2868,37968.7142857143,2031.85714285714,2716.71428571429,1069.28571428571,47.1428571428571,67.7142857142858,19.1163325245816,68272.6427380746,323944.032348464,7474.66958942654,7697.7748917749,112961.168629669,35754.9267384267,545395.795003295,162804.11148601,28.8276652431675,8.45322514649274,12649.4408436449,3709.2345330989,5.20868434987724,8.65651475314052,0.668016627536512,1.13607092031886,14.3054579402185,1.56012947899464,5.35827288821877,9.02124814749201,2.69289991342595,14.3054579402185,1.56012947899464
2020-05-20,42323,2198,2993,39041.7142857143,2077.14285714286,2793.42857142857,1073,45.2857142857144,76.7142857142858,17.9878340837246,67900.2368225798,331379.193532537,7435.16118407232,7762.28138528139,112326.591585864,35573.2902905657,557978.375468648,166493.740344271,29.0815158168942,8.5276625327735,12582.5804653533,3689.62885826145,5.19339366302011,8.48748766862607,0.66328847522655,1.10865925183827,14.4314289016167,1.57174830936235,5.48125593039222,9.22937329578556,2.75392909224887,14.4314289016167,1.57174830936235
2020-05-21,43531,2221,3099,40131.4285714286,2118,2869.14285714286,1089.71428571429,40.8571428571427,75.7142857142858,18.2579764953686,67711.2944705751,338864.376721657,7485.18318912084,7633.26839826841,112000.01881434,35484.495052514,570645.60855793,170208.192152407,29.3371496522764,8.60262283036676,12667.2330892812,3714.45180813517,5.10211113918816,8.31827821852172,0.655424456677052,1.07728427311462,14.5582847898514,1.60498902111073,5.60506637337169,9.43889866082772,2.81536886094545,14.5582847898514,1.60498902111073
2020-05-22,44424,2274,3243,41194,2158.42857142857,2948.85714285714,1062.57142857143,40.4285714285716,79.7142857142853,16.5010204987132,67423.3783950208,346099.642464285,7235.26574262755,7482.75324675324,111506.347653512,35346.2971718415,582889.904430069,173798.624776568,29.5945235518717,8.67809337235335,12244.295872139,3590.43262416104,5.11885467314965,8.1733890163154,0.657036217607379,1.06235589706468,14.686004168598,1.56938082386922,5.72474299771548,9.64142833279414,2.87475726099575,14.686004168598,1.56938082386922
2020-05-23,45495,2306,3283,42269.2857142857,2196.42857142857,3017,1075.28571428572,38,68.1428571428573,17.8568039476182,67160.9243115097,353357.941627527,7258.2991632421,7482.75324675324,111054.084698998,35221.9579810981,595173.179937094,177400.487519229,29.8536005148039,8.75406330885228,12283.2755070251,3601.8627426615,5.06868886690845,8.09982140881577,0.652596058653393,1.03890865605466,14.8145686765192,1.59494352158615,5.84480061180094,9.84460275663108,2.93433472362462,14.8145686765192,1.59494352158615
2020-05-24,46313,2341,3319,43342,2232.28571428571,3088.85714285714,1072.71428571428,35.8571428571427,71.8571428571427,16.5265428294743,66756.0531424417,360536.187341576,7178.24571404891,7547.25974025973,110359.027995301,35028.2410314639,607320.980376253,180962.624490111,30.1143469350886,8.83052278547712,12147.8004391596,3562.1369708814,5.05473625116058,7.92630655216317,0.649310688411455,1.01714968407724,14.9439616369613,1.59734942384687,5.96353408287531,10.0455363230646,2.9932550927292,14.9439616369613,1.59734942384687
2020-05-25,47152,2379,3329,44397.7142857143,2269,3162,1055.71428571428,36.7142857142858,73.1428571428573,15.3730939651765,66541.0813000257,367539.652728597,7003.46538702125,7181.72294372297,109987.614108135,34927.1046284605,619172.99872352,184438.028366377,30.3767367276028,8.90746415320684,11852.0183472667,3475.40387626618,5.04538513742789,7.72451828147341,0.647277098494928,0.996967465792206,15.074170105427,1.58157178427184,6.0793765586104,10.2415774358471,3.05074083256766,15.074170105427,1.58157178427184
2020-05-26,47687,2417,3334,45275,2305.14285714286,3228.57142857143,877.285714285717,36.1428571428573,66.5714285714284,13.3998123458946,65178.873218497,373309.301789926,5769.64906132832,7095.71428571426,107674.723508625,34256.6630240928,628937.020211922,187301.162487036,30.6407481212841,8.98488102804573,9764.02148840192,2863.13412065918,5.06846729716694,7.56156423533822,0.647452390929206,0.981167359637907,15.2051832782312,1.31851439344944,6.17481080358083,10.4030815427201,3.09809917969585,15.2051832782312,1.31851439344944
2020-05-27,48423,2458,3401,46146.4285714286,2342.28571428571,3286.85714285714,871.428571428572,37.1428571428569,58.2857142857142,13.0551096843232,64007.4175061362,378991.175081894,5681.87329196837,6816.18614718621,105686.622632762,33679.4411775723,638552.498090637,190120.73870711,30.9063668938711,9.06276923955619,9615.47787871561,2819.57622007452,5.07610020031803,7.42781034529623,0.648563914309843,0.967565761449117,15.3369940977105,1.33708692796571,6.26879317267692,10.5621286288827,3.14473704706684,15.3369940977105,1.33708692796571
2020-05-28,49709,2501,3468,47029,2382.28571428571,3339.57142857143,882.571428571428,40,52.7142857142858,11.3098398169336,63522.9980895986,384696.374712975,5705.19963108137,6149.61904761899,104866.242521259,33439.4843886997,648207.451312467,192951.890403737,31.173583161332,9.14112588941314,9654.95322182996,2831.15169662685,5.0312820615985,7.31054013651368,0.65012310081321,0.955522453624045,15.4695976590069,1.3789711979901,6.36316137660239,10.7218286662951,3.19156638134564,15.4695976590069,1.3789711979901
2020-05-29,50988,2538,3571,47966.7142857143,2420,3386.42857142857,937.714285714283,37.7142857142858,46.8571428571431,11.5938957185248,63410.0076789839,390706.211142187,6009.83642921213,6085.11255411257,104673.148859339,33384.7813063108,658377.943731134,195934.215248309,31.4423925824564,9.21994970463007,10170.4924186667,2982.32484457144,4.97764179807013,7.25137086866629,0.649592949285457,0.942777126112945,15.6029918078355,1.47630383189763,6.46256849754184,10.8900561017311,3.24089623083439,15.6029918078355,1.47630383189763
2020-05-30,52015,2562,3649,48898.1428571429,2456.57142857143,3438.71428571429,931.428571428572,36.5714285714284,52.2857142857142,10.5811519174281,63572.5114884434,396624.862137794,5918.65099560661,5719.57575757575,104947.166295128,33466.1419507472,668394.122339084,198871.290178459,31.712795675281,9.29924083711247,10016.1786079495,2937.07493015061,4.92550225896376,7.21227042239344,0.645950429378257,0.926314598777662,15.7371768012673,1.46902204002519,6.56046734424902,11.0557310730817,3.28947761341089,15.7371768012673,1.46902204002519
2020-05-31,52778,2596,3764,49821.7142857143,2493,3502.28571428571,923.571428571428,36.4285714285716,63.5714285714284,10.5089484549489,63957.8544415844,402443.676952407,5818.81481461297,5397.04329004331,105599.680743301,33657.0769070857,678241.347409967,201758.822342102,31.9848014231771,9.379001921082,9847.22507088352,2887.53216364252,4.91871613172155,7.16132368148914,0.645059209193888,0.915438885718782,15.8721570972157,1.45290716618303,6.65671482699063,11.2186114284905,3.33723952213981,15.8721570972157,1.45290716618303
2020-06-01,53327,2625,3782,50703.8571428571,2528.14285714286,3567,882.142857142862,35.1428571428573,64.7142857142858,10.4390309874394,63907.3134296819,407954.335074704,5510.65812229662,5526.05627705628,105513.061887993,33632.7880268506,687567.076540008,204493.434643392,32.2584249594252,9.45923739411718,9325.7291300405,2734.61230129006,4.92245954207062,7.04159222667425,0.643454370822979,0.903947151817678,16.0079402054291,1.37937331496863,6.74786517107594,11.3728658569426,3.38247202371597,16.0079402054291,1.37937331496863
2020-06-02,54175,2646,3855,51630.7142857143,2560.85714285714,3641.42857142857,926.857142857138,32.7142857142853,74.4285714285716,10.5791807983303,64175.546658698,413695.330208482,5740.99513377802,5440.04761904763,105964.621418416,33767.6234208414,697282.606766401,207342.349521808,32.533690279031,9.53995429234742,9715.53022639349,2848.91487841617,4.88417166589755,6.92385535839816,0.639601128363366,0.89055649785623,16.1445380332033,1.45043840796114,6.84282545898032,11.533567882627,3.42959517410462,16.1445380332033,1.45043840796114
2020-06-03,54982,2666,3970,52567.7142857143,2590.57142857143,3722.71428571429,937,29.7142857142858,81.2857142857142,10.0030501753851,64310.1029344224,419450.163540483,5754.83333200141,5590.56277056271,106187.18918173,33838.1379207174,707021.555482096,210198.131476034,32.8106282278778,9.62116166080627,9738.94871569471,2855.78195422623,4.84885962678695,6.82303895009331,0.635593982726554,0.877798278987474,16.2819658875183,1.46018253345679,6.93801464087552,11.6946572673727,3.47683191098494,16.2819658875183,1.46018253345679
2020-06-04,55858,2668,3985,53446.1428571429,2614.42857142857,3796.57142857143,878.428571428572,23.8571428571431,73.8571428571427,9.89221364221359,63615.307970349,424799.831779873,5349.66823938978,6020.60606060608,105000.206495276,33501.4845658282,716074.840194909,212852.854060995,33.0892793245173,9.70287138087349,9053.28471281356,2654.72258496034,4.77639729313617,6.73752337756049,0.628060512364452,0.860553801927572,16.4202438753244,1.3660435282768,7.02650209372432,11.8444052645014,3.52074297781217,16.4202438753244,1.3660435282768
2020-06-05,56770,2702,4159,54272.1428571429,2637.85714285714,3880.57142857143,826,23.4285714285711,84,9.14757625617013,62903.4126776734,429787.936487197,4988.10470732447,5676.57142857142,103785.570505473,33155.4097804189,724516.248161151,215328.154141321,33.3696914796314,9.78509750154605,8441.40796624136,2475.30008032647,4.75955610357583,6.63411584642911,0.628682140798172,0.853795127731629,16.5593957718472,1.29854296638762,7.10900901945186,11.9840323695788,3.56168626426343,16.5593957718472,1.29854296638762
2020-06-06,57482,2740,4175,55053.1428571429,2663.28571428571,3955.71428571429,781,25.4285714285716,75.1428571428573,8.61895002364816,62050.2307188897,434464.737212396,4676.80072519893,5504.55411255412,102334.009827971,32737.6395710117,732430.834003795,217648.972546307,33.6519220255293,9.86785683455371,7914.58584264445,2320.81840498594,4.76670957865071,6.41045037858209,0.630661079097082,0.845825119893736,16.6994500277063,1.2416962352679,7.18636674803159,12.1149454487137,3.6000743100248,16.6994500277063,1.2416962352679
2020-06-07,57973,2749,4240,55795.2857142857,2685.14285714286,4023.71428571429,742.142857142862,21.8571428571431,68,8.25625377451452,60952.2309357844,438871.6465202,4406.90930780378,5483.05194805196,100465.768436782,32200.1079922848,739888.680524694,219835.859871984,33.9360354065385,9.95116827710529,7457.84652089863,2186.88732567703,4.74186259120625,6.34440577733823,0.626379038563265,0.829563247678701,16.8404386227936,1.19614372319498,7.25926027378558,12.2383037230666,3.63624703709068,16.8404386227936,1.19614372319498
2020-06-08,58404,2776,4240,56520.5714285714,2706.71428571429,4089.14285714286,725.28571428571,21.5714285714284,65.4285714285716,8.08787217434238,59911.9358699303,443142.45535045,4270.80883024982,5289.5324675325,98695.8734901715,31690.7080777579,747116.203160501,221955.208614815,34.2221032163388,10.0350528228362,7227.52263580728,2119.34874283071,4.75309910280118,6.21790054378325,0.6264351263308,0.819206795018233,16.9823970847997,1.1900347859422,7.3299025973993,12.3578522707206,3.67130262625238,16.9823970847997,1.1900347859422
2020-06-09,58904,2811,4279,57196.1428571429,2730.28571428571,4149.71428571429,675.571428571428,23.5714285714284,60.571428571428,7.59471309040103,58909.2275334224,447087.314113509,3944.85876305919,4923.99567099562,96992.6527888287,31197.7292899312,753792.117990294,223912.807700243,34.5102035243223,10.119533364275,6675.91482979257,1957.59908542791,4.77217166915659,6.1459700033444,0.628736247096094,0.812193846831285,17.1253641549269,1.12771389603623,7.39515346683101,12.4682768189897,3.70368275694782,17.1253641549269,1.12771389603623
2020-06-10,59465,2844,4310,57836.5714285714,2755.71428571429,4198.28571428571,640.428571428572,25.4285714285716,48.5714285714294,7.86256730448818,58119.8114486253,450795.776816591,3708.46270308166,4472.4502164502,95653.750843128,30808.1479460254,760067.977949355,225753.097462674,34.8004202654695,10.2046345139347,6275.85995906126,1840.28976243149,4.78264525351047,6.0571805378927,0.630884348580999,0.804849605728643,17.2693814851202,1.08724956842332,7.45649417131887,12.572084165046,3.73412250503954,17.2693814851202,1.08724956842332
2020-06-11,60197,2875,4365,58456.4285714286,2785.28571428571,4252.57142857143,619.857142857145,29.5714285714284,54.2857142857138,7.83892180951012,58058.8110824042,454355.209350803,3559.4325342119,3590.86147186154,95554.4754980946,30774.9984624657,766091.633007252,227519.432404464,35.0928427101835,10.2903824488508,6023.65505789709,1766.33494178933,4.77598551422828,6.01404727460047,0.632764837033099,0.79742342126567,17.4144933749783,1.06662071150873,7.51536980704904,12.6717198562817,3.76333898592819,17.4144933749783,1.06662071150873
2020-06-12,60613,2900,4474,59005.4285714286,2813.57142857143,4297.57142857143,549,28.2857142857142,45,7.33831083274454,57630.4611389017,457481.500099941,3126.2907491381,3526.35497835494,94832.9382310683,30559.9869974838,771382.278890409,229070.824806291,35.3875653479506,10.3768048764667,5290.6458831568,1551.39240182794,4.78445218022536,5.96702457705172,0.633905414615994,0.789030510985831,17.5607467140206,0.945686092734973,7.56708095863395,12.7592310358869,3.78900015889514,17.5607467140206,0.945686092734973
2020-06-13,61305,2926,4536,59551.5714285714,2840.14285714286,4349.14285714286,546.142857142855,26.5714285714289,51.5714285714284,7.44034876026619,56860.63032186,460565.625992856,3084.12589291495,3827.38528138527,93530.9388264042,30177.389964752,776601.568863034,230601.293294505,35.6846848758313,10.4639301515595,5219.28997262521,1530.46848821343,4.77285702634369,5.95580107187044,0.635305770744903,0.7838004533963,17.7081894872546,0.947757900703714,7.61809467244141,12.8455619361765,3.81431523491989,17.7081894872546,0.947757900703714
2020-06-14,61701,2939,4541,60084.1428571429,2867.28571428571,4392.14285714286,532.571428571428,27.1428571428569,43,7.38130123153685,56526.1016254487,463548.071322418,2982.44532956282,3289.83116883121,92968.472680829,30008.7205149754,781648.78403614,232081.303758799,35.984301558662,10.5517876750964,5047.21517310629,1480.01046429432,4.76329394985495,5.92133018252837,0.634022700518539,0.775479798273648,17.8568714501631,0.93672080684397,7.66742651484065,12.9290465925444,3.83879569806538,17.8568714501631,0.93672080684397
2020-06-15,62032,2947,4567,60602.4285714286,2891.71428571429,4438.85714285714,518.285714285717,24.4285714285716,46.7142857142862,7.31377885293819,56133.1172499497,466426.342358175,2878.27103575639,3246.82683982683,92305.4002211933,29812.266399529,786519.704250497,233509.618708874,36.2865146975221,10.6404065654388,4870.92021435697,1428.31495007459,4.75077379417075,5.81728517112452,0.631825377850756,0.766058687763506,18.0068418799734,0.916989941415559,7.71503523769328,13.0096152004489,3.86242107933059,18.0068418799734,0.916989941415559
2020-06-16,62409,2982,4579,61103.1428571429,2916.14285714286,4481.71428571429,500.714285714283,24.4285714285716,42.8571428571422,6.85333281191949,55318.3495322141,469183.860354725,2757.51799655007,3547.8571428571,90927.1559516188,29407.5137834239,791186.273167736,234878.011098139,36.5914257958614,10.7298165867563,4666.56891723862,1368.39238926544,4.77815699658703,5.71927288213473,0.635571734659728,0.763233323392133,18.1581511468184,0.892104301597569,7.76064661633968,13.0868036873889,3.8850552973055,18.1581511468184,0.892104301597569
2020-06-17,62969,2996,4596,61603.7142857143,2937.85714285714,4522.57142857143,500.571428571428,21.7142857142853,40.8571428571431,6.1797851889737,54202.9923749632,471917.602764574,2733.74240984878,3827.38528138533,89037.0570261615,28855.8993831556,795812.606476711,236234.605075959,36.8991339159515,10.8200467873843,4626.33330897498,1356.59397781975,4.75789674284172,5.64809601625905,0.634856589889617,0.75537372615818,18.3108484094195,0.904987218645865,7.80586472927071,13.1633266477338,3.90749436086526,18.3108484094195,0.904987218645865
2020-06-18,63229,3016,4640,62036.8571428571,2958,4561.85714285714,433.142857142862,20.1428571428573,39.2857142857147,5.48897498099142,52077.6542342086,474263.35553291,2345.75276833621,4450.94805194804,85433.8034692799,27805.9700372601,799782.341930818,237398.662840697,37.209739092308,10.911126500752,3969.7354541074,1164.05776473827,4.76996314982049,5.60460798059798,0.635933593606668,0.749421639032652,18.4649833089649,0.799198329412247,7.8446652077667,13.2289889959577,3.92674873365275,18.4649833089649,0.799198329412247
2020-06-19,63548,3030,4685,62456.1428571429,2976.57142857143,4592,419.28571428571,18.5714285714284,30.1428571428569,5.47840370328885,50053.3842867879,476515.085585489,2251.73005257925,4257.42857142852,82001.3905912272,26806.3387636743,803592.962019799,238516.062716413,37.5233363988913,11.0030836056899,3810.6200889803,1117.39987571602,4.76804934852395,5.58173425951475,0.635866542667179,0.742730188035667,18.6206030250137,0.80520664440717,7.8819104812939,13.2920194588499,3.94523135059106,18.6206030250137,0.80520664440717
2020-06-20,63956,3052,4745,62834.8571428571,2994.57142857143,4621.85714285714,378.71428571429,18,29.8571428571431,4.95310339673411,48052.8058645343,478531.909760638,2016.82417514914,3999.40259740269,78609.8622722488,25817.8884617612,807006.049085436,239516.892758217,37.8400197731782,11.0959456477741,3413.087065637,1000.83004180333,4.77203077115517,5.52758916210693,0.637784009331083,0.737740984038168,18.7777541731561,0.75670922497383,7.91527023859414,13.3484744327426,3.96178581661975,18.7777541731561,0.75670922497383
2020-06-21,64306,3066,4773,63207,3012.71428571429,4655,372.142857142855,18.1428571428573,33.1428571428569,4.84903763821155,45914.4685440493,480497.126552707,1965.21679206903,4085.41125541122,74984.9068068125,24761.2924982122,810331.800579706,240492.113121198,38.1598735290021,11.1897373506096,3325.75149427063,975.220362981607,4.76782881846173,5.47945561404512,0.638089143632721,0.730956920870073,18.9364785933394,0.77454017662525,7.94777637176806,13.4034848119601,3.97791667969853,18.9364785933394,0.77454017662525
2020-06-22,64603,3074,4776,63574.2857142857,3030.85714285714,4684.85714285714,367.285714285717,18.1428571428569,29.8571428571431,4.79512095044483,44142.7379778945,482420.408973566,1923.28242085822,3676.87012987013,71982.2418926604,23885.2543440087,813586.586215005,241446.523946587,38.4829786623905,11.2844824649115,3254.78563529847,954.410825388302,4.75829295853134,5.42600369303796,0.63720355582395,0.723634938159043,19.096816479081,0.800036999523067,7.9795888795564,13.4573213636019,3.99370333769876,19.096816479081,0.800036999523067
2020-06-23,65007,3092,4797,63945.4285714286,3046.57142857143,4716,371.142857142855,15.7142857142858,31.1428571428569,4.7836494199963,42377.2872024999,484347.542613755,1927.13364018977,3676.87012987013,68988.5229980365,23013.5558926313,816847.889298403,242402.845903372,38.8094045639437,11.3802013382993,3261.30308339803,956.321956785891,4.75641084806252,5.36651652029492,0.638384574703154,0.719424566746095,19.2588022648142,0.840891154715926,8.01146508934901,13.5112657186355,4.00952160721991,19.2588022648142,0.840891154715926
2020-06-24,65337,3108,4810,64283.7142857143,3062.57142857143,4746.57142857143,338.28571428571,16,30.5714285714284,4.82143584314037,40834.6818087191,486089.266224303,1741.72361054813,3268.32900432893,66374.0039799897,22250.9310892728,819795.421562407,243267.159875524,39.1392162090773,11.4769130237144,2947.53226400446,864.313972151693,4.75687588961844,5.32787903791,0.639388732884677,0.715363005048807,19.4224681939782,0.798382454130244,8.04027448069206,13.560020073216,4.02381799690894,19.4224681939782,0.798382454130244
2020-06-25,65777,3129,4874,64647.7142857143,3078.71428571429,4780,364,16.1428571428573,33.4285714285716,4.96192868688048,39645.0294515127,487947.561919045,1858.29569474177,3031.80519480526,64357.9769139483,21662.5923255463,822940.229661201,244189.321648855,39.4724668194998,11.5746331275225,3144.80809879384,922.161773330503,4.75698192377275,5.31060025479842,0.641257430961225,0.712964718684779,19.5878406773457,0.891528190363435,8.07101206016602,13.6120375154028,4.03907123183587,19.5878406773457,0.891528190363435
2020-06-26,66115,3142,4903,65014.4285714286,3094.71428571429,4811.14285714286,366.71428571429,16,31.1428571428569,4.86838112577764,38690.0645929083,489803.878445722,1856.31652667694,2795.28138528136,62740.1023180683,21189.995371008,826081.688398654,245110.501278634,39.8092048346816,11.6733758537788,3141.45873745321,921.179629779537,4.75232549345837,5.29880536558161,0.641481241424711,0.709027077424847,19.7549437525488,0.925132549422232,8.10171690274249,13.663999556686,4.05430822138509,19.7549437525488,0.925132549422232
2020-06-27,66450,3157,4935,65370.7142857143,3109.71428571429,4838.28571428571,356.28571428571,15,27.1428571428578,4.83933561005892,37754.0339945853,491592.120574672,1788.24212894967,2709.27272727271,61153.9736132139,20727.0102620657,829107.944309185,245997.899628339,40.149467756438,11.7731521992562,3026.25591053022,887.398349704366,4.75094055680963,5.27929221396558,0.642199064604506,0.706126051968114,19.9237960295106,0.92101255580834,8.13129574464199,13.7140560583621,4.06898644368108,19.9237960295106,0.92101255580834
2020-06-28,66777,3168,4976,65723.7142857143,3124.28571428571,4867.28571428571,353.000000000007,14.5714285714284,29,4.89869553150167,36765.3948188919,493348.827719325,1756.70714465308,2730.77489177493,59478.419403799,20238.2065035584,832080.833323213,246869.649038467,40.4932880824015,11.8739716933358,2972.88901402836,871.749410128599,4.74414843434116,5.25399094305173,0.64214199406233,0.702757249052252,20.0944136348759,0.93514660735993,8.16035297467489,13.7632298322639,4.08340582099064,20.0944136348759,0.93514660735993
2020-06-29,67254,3175,4979,66102.4285714286,3138.71428571429,4896.28571428571,378.714285714275,14.4285714285716,29,4.85637869128735,35888.8344002497,495217.470763886,1868.64304456115,2730.77489177487,57992.4380359866,19805.0927404942,835243.152321701,247796.945586896,40.8406875185674,11.9758407009333,3162.31899848802,927.296548428829,4.72090879352901,5.21407094326011,0.641132469559783,0.69879247220177,20.266807340041,1.03025032428778,8.19126170693596,13.8155369176288,4.0987439888796,20.266807340041,1.03025032428778
2020-06-30,67559,3190,4982,66467,3152.71428571429,4922.71428571429,364.571428571435,14,26.4285714285706,4.87767584097866,35293.1278516223,497001.002310497,1783.5315466107,2365.23809523811,56983.1324481996,19510.3425520239,838261.436477504,248682.006354387,41.1916833241782,12.0787642830297,3018.28415580268,885.060767490999,4.72179872407821,5.20138301307357,0.641849812207638,0.697295956077594,20.4409857097426,1.01600398650287,8.22076263233411,13.8654615606103,4.11338354584409,20.4409857097426,1.01600398650287
2020-07-01,67918,3205,5001,66835.7142857143,3166.57142857143,4950,368.71428571429,13.8571428571427,27.2857142857147,4.94946976815547,34659.4316555085,498789.405681483,1788.40337098582,2408.24242424243,55909.2399844467,19196.9562549191,841287.965259172,249569.484718936,41.5462844439616,12.182745062515,3026.52878166828,887.478364549374,4.7189257634206,5.1652743309215,0.642555748677359,0.695883457018939,20.6169531827178,1.04489648935679,8.25034414129565,13.915522575776,4.12806309164455,20.6169531827178,1.04489648935679
2020-07-02,68423,3212,5013,67213.7142857143,3178.42857142857,4969.85714285714,378,11.8571428571431,19.8571428571431,4.88047808764945,34035.5999096492,500607.175667225,1817.76998574246,2429.74458874459,54850.5576892564,18889.5445829675,844364.19138889,250471.535990057,41.9044916959692,12.2877832792692,3076.22612971812,902.051271120319,4.69432793066659,5.15134045060626,0.641620846868394,0.692916268821214,20.794710164917,1.09080032109462,8.28041139569453,13.9664056216818,4.14298368405302,20.794710164917,1.09080032109462
2020-07-03,68961,3223,5023,67620.2857142857,3190,4987,406.57142857142,11.5714285714284,17.1428571428569,4.95499416752253,33554.2168964206,502545.60650681,1938.4308395852,2408.24242424243,54032.8435789573,18652.8937214083,847644.612809727,251433.464075866,42.2663018753014,12.3938779935094,3280.42142083647,961.928085809195,4.67365612447615,5.14250709311323,0.641334827778725,0.690998708114349,20.974255065939,1.19475760452269,8.31247446948582,14.0206662080978,4.15889468307727,20.974255065939,1.19475760452269
2020-07-04,69341,3236,5025,68033.2857142857,3201.28571428571,4999.85714285714,413,11.2857142857142,12.8571428571431,4.85670127339319,33237.4073040872,504497.80990149,1952.2033946797,2257.72727272729,53494.1328402833,18497.5510450839,850948.341631492,252402.226662699,42.6317041567342,12.501026030922,3303.72882176563,968.76258683356,4.66679165284608,5.12952573232341,0.641429940128357,0.689708294218269,21.1555825138681,1.23106358386933,8.34476535148221,14.0753123160917,4.17491872978225,21.1555825138681,1.23106358386933
2020-07-05,69632,3243,5029,68441.1428571429,3212,5007.42857142857,407.857142857145,10.7142857142858,7.57142857142844,4.71986642199406,32944.8230864765,506409.160748814,1911.35084732424,2193.22077922075,52996.3199885023,18354.3019489118,854182.935373118,253350.71655686,43.0006840734961,12.609223149371,3234.59374162555,948.489894160855,4.65734145220588,5.10092267623751,0.6403912589584,0.687196235317766,21.3386853297048,1.22732417885317,8.37638050225639,14.1288148789403,4.19060745121906,21.3386853297048,1.22732417885317
2020-07-06,69904,3246,5029,68819.7142857143,3222.14285714286,5014.57142857143,378.571428571435,10.1428571428573,7.14285714285688,4.56518743109156,32521.8320159098,508168.031150109,1758.87040129484,2171.71861471864,52277.521913038,18146.5555744738,857159.485283001,254223.539462766,43.3732233663818,12.7184639946533,2976.54990988364,872.822905905719,4.64351110093843,5.09598895624295,0.638765093635171,0.684429855718582,21.5235544524902,1.14931684063101,8.40547351414744,14.1780492067559,4.20504458493943,21.5235544524902,1.14931684063101
2020-07-07,70396,3266,5036,69225,3233,5022.28571428571,405.28571428571,10.8571428571427,7.71428571428623,4.84766672932008,32270.5631617195,510034.831559988,1866.80040987895,2107.2121212121,51850.1218740784,18023.4490109551,860318.685976643,255149.921621052,43.7493005085148,12.8287422543765,3159.20069364121,926.382158285793,4.63946815159952,5.08749291873859,0.640348422873521,0.685392781633996,21.7101791997141,1.24642595930486,8.43635176787372,14.2303047130619,4.22036762814194,21.7101791997141,1.24642595930486
2020-07-08,70861,3275,5085,69645.4285714286,3243,5034.28571428571,420.428571428565,10,12,4.864141213804,32094.7458403291,511954.724195307,1919.8926353195,2085.70995670994,51549.9145389781,17938.1443895992,863567.735051799,256102.650297225,44.1288881024477,12.9400498947027,3249.0490751561,952.728676173574,4.62172422065734,5.07067358809181,0.639705006169766,0.684384872398197,21.8985459756508,1.30306634924647,8.46810820611259,14.2840463777739,4.23612646215521,21.8985459756508,1.30306634924647
2020-07-09,71447,3288,5132,70077.4285714286,3253.85714285714,5051.28571428571,432,10.8571428571427,17,5.09039490960506,32254.9655237009,513910.480675216,1955.75647990871,1784.67965367972,51820.3632339152,18018.1556610469,866877.476787029,257073.17606921,44.5119555265936,13.0523779363696,3309.7417352302,970.525771984801,4.60201268072837,5.05995885742721,0.639800144896824,0.68429129297599,22.0886395846254,1.34626675683895,8.50045785875561,14.3387919437851,4.25217967324123,22.0886395846254,1.34626675683895
2020-07-10,71910,3303,5157,70498.7142857143,3265.28571428571,5070.42857142857,421.285714285725,11.4285714285716,19.1428571428569,5.15298187981635,32392.6934477179,515801.312495337,1890.83182012086,1741.67532467528,52053.3423580758,18086.5738145333,870077.346021079,258011.483588969,44.8984693625642,13.16571658,3199.86923405062,938.307519759226,4.59324155193992,5.05438712487921,0.640362852901787,0.684672525987803,22.280443443077,1.30635456460487,8.53173360970705,14.3917201377029,4.26769997070585,22.280443443077,1.30635456460487
2020-07-11,72467,3310,5190,70945.2857142857,3275.85714285714,5094,446.57142857142,10.5714285714284,23.5714285714284,5.58862965942599,32670.5144057955,517788.375877657,1987.06338232005,1698.67099567101,52523.0063970203,18224.7996820219,873440.068668083,258997.545117038,45.2883938638321,13.2800553435297,3362.72264700313,986.061528068589,4.56759628520568,5.03923753266132,0.63925730167069,0.683393577706158,22.4739398121272,1.378873523645,8.5646011015743,14.4473420470168,4.28401015463997,22.4739398121272,1.378873523645
2020-07-12,73109,3319,5230,71442,3286.71428571429,5122.71428571429,496.71428571429,10.8571428571431,28.7142857142853,5.48171971811001,33238.1452985349,519979.526250916,2191.15037325874,1612.6623376623,53483.7114242932,18506.4092120385,877148.169299751,260084.882896249,45.6816911185297,13.3953831099448,3708.10063166858,1087.33777921108,4.53979674185121,5.03040281267013,0.638294362074252,0.682796397826333,22.6691098783681,1.5206543946675,8.60084434258703,14.5086767625768,4.30199552236058,22.6691098783681,1.5206543946675
2020-07-13,73527,3325,5230,71959.5714285714,3298,5151.42857142857,517.571428571435,11.2857142857142,28.7142857142862,5.60870642145038,33963.710305235,522243.030651555,2263.50440063956,1526.65367965371,54712.3818751924,18865.8883023666,880978.715208526,261208.125681529,46.0783221004641,13.5116884354744,3830.5459087746,1123.24278527976,4.52214832646511,5.01391063745686,0.636676758682964,0.681425681670205,22.8659342754183,1.5574421954925,8.63828437250326,14.5720368132042,4.32057478532653,22.8659342754183,1.5574421954925
2020-07-14,74260,3334,5238,72511.5714285714,3307.71428571429,5180.28571428571,552,9.71428571428578,28.8571428571431,5.38979788257938,34713.1308267631,524636.329960962,2393.2993094069,1634.16450216452,55979.8407797563,19238.3569177758,885028.91403983,262395.777970407,46.478250003729,13.6289605274093,4050.19883130386,1187.65228887863,4.48963102612443,5.00297101370988,0.635487824537062,0.680680604363458,23.0643947386926,1.62555108317186,8.67787130580782,14.6390300849504,4.34021942892127,23.0643947386926,1.62555108317186
2020-07-15,75016,3341,5238,73105.1428571429,3317.14285714286,5202.14285714286,593.57142857142,9.42857142857156,21.8571428571422,5.39750584567419,35749.9578263369,527187.737047116,2551.40708615386,1505.15151515149,57734.075482332,19753.1604342131,889346.679877936,263661.889757521,46.8814392704169,13.7471889589944,4317.76583810674,1266.111787114,4.45371654047137,4.99193808448887,0.633740082558371,0.679628468433214,23.2644736229137,1.71022840983577,8.72007345819025,14.7104491120591,4.36116185040428,23.2644736229137,1.71022840983577
2020-07-16,75664,3347,5286,73707.5714285714,3325.57142857143,5224.14285714286,602.42857142858,8.4285714285711,22,5.27467854105171,36674.5877600489,529754.960054421,2567.22300730506,1634.16450216447,59297.1525130094,20213.2227643689,893691.211121068,264935.850046861,47.2878610479289,13.8663652696934,4344.53124313161,1273.96028933936,4.42350391203214,4.98011505244535,0.63180154078334,0.678424638297543,23.4661566102504,1.68539863005175,8.76253721755735,14.7823108586804,4.38223409189472,23.4661566102504,1.68539863005175
2020-07-17,76371,3359,5286,74344.8571428571,3333.57142857143,5242.57142857143,637.28571428571,8,18.4285714285716,5.11858455819071,37638.8566572549,532447.4021118,2692.44205737917,1720.17316017317,60926.6185588306,20693.4593170103,898247.651525864,266271.949112929,47.697489689986,13.9864819391688,4556.44040479558,1336.09906606784,4.39826635764885,4.95668871527557,0.63086043554302,0.678287863071279,23.669430973978,1.73795916280009,8.80707219223975,14.8576777389121,4.40433415451907,23.669430973978,1.73795916280009
2020-07-18,77206,3368,5344,75021.8571428571,3341.85714285714,5264.57142857143,677,8.28571428571422,22,5.16743176787449,38875.0973872715,535283.088729263,2835.68661746243,1591.16017316014,63017.1358381992,21308.0836105308,903046.505801569,267679.131945654,48.1103083590536,14.1075340300984,4798.85427570553,1407.1828327257,4.36235525736342,4.94657579723966,0.629199776887306,0.677664629315148,23.8742883586281,1.79895740016755,8.85397653744927,14.9370543231129,4.42760999499898,23.8742883586281,1.79895740016755
2020-07-19,78131,3377,5344,75739.2857142857,3350.14285714286,5280.85714285714,717.428571428565,8.28571428571468,16.2857142857147,5.20986783409749,40211.9122629839,538262.353821425,2979.26509216265,1634.16450216458,65277.6577157784,21972.760809864,908088.33903446,269157.564247028,48.5263052465679,14.2295180798207,5041.8332328907,1478.43230137398,4.32222805288554,4.9326288423435,0.627389223122291,0.677039239714022,24.0807229043119,1.84575228984707,8.90325577637959,15.0204499582257,4.45206435416741,24.0807229043119,1.84575228984707
2020-07-20,78685,3382,5344,76476.1428571429,3358.28571428571,5297.14285714286,736.857142857145,8.14285714285688,16.2857142857138,5.29993218388449,41538.8387114024,541296.094122658,3033.74030123232,1698.67099567095,67521.0497273877,22632.8188326022,913222.361082699,270663.029358918,48.945481169751,14.3524343279721,5134.02204823925,1505.4651118897,4.2981508546737,4.9081240435025,0.624796675372581,0.675579609000283,24.2887350165682,1.83270414933829,8.95343607539033,15.1053704642439,4.47696585593214,24.2887350165682,1.83270414933829
2020-07-21,79545,3402,5380,77231.1428571429,3368,5317.42857142857,755,9.71428571428578,20.2857142857147,5.37650816903699,43148.8202041126,544377.93708723,3081.84296457178,1462.14718614722,70245.6337919742,23431.7570169546,918437.787638128,272192.364965397,49.3678429248207,14.4762847674286,5215.426555429,1529.33560647914,4.27682443899679,4.88391989675324,0.624933482463099,0.676953485604475,24.4983280679561,1.81783343385309,9.00441202788156,15.1916374607675,4.50226219325861,24.4983280679561,1.81783343385309
2020-07-22,80172,3405,5434,77967.7142857143,3377.14285714286,5345.42857142857,736.571428571435,9.14285714285734,28,5.01824906321475,44701.4571268446,547358.859724247,2980.92263701768,1419.14285714284,72872.9753974766,24202.3824286649,923482.425946927,273671.619807827,49.7934099956393,14.6010751115032,5044.63830879913,1479.25484242995,4.24711869480617,4.87034057360415,0.622078174036572,0.674928598929869,24.7095117271593,1.70728036655613,9.0537186838246,15.2750794939019,4.52673015786193,24.7095117271593,1.70728036655613
2020-07-23,80836,3409,5434,78706.5714285714,3386,5366.57142857143,738.857142857145,8.85714285714266,21.1428571428569,5.35891909814323,46388.6147717799,550323.502217667,2964.64249342016,1268.6277056277,75728.4619614331,25039.4026563341,928499.513243484,275142.795782005,50.2222137817173,14.7268145675712,5017.08729655715,1471.17597417836,4.21718046414964,4.86270680147059,0.619453827841728,0.673171076715753,24.9223015758898,1.65308565767701,9.1027560542018,15.3580658130018,4.55106449203407,24.9223015758898,1.65308565767701
2020-07-24,81766,3422,5434,79477.2857142857,3395,5387.71428571429,770.714285714275,9,21.1428571428569,5.6119583081948,48241.5833406046,553389.591998613,3066.08978094591,1204.12121212122,78864.9472317519,25958.4171340968,933688.280565085,276664.314019167,50.6542916733153,14.8535140996939,5188.76732160081,1521.51823716116,4.18511361690678,4.85666056305791,0.618370863760042,0.67339930696844,25.1367161687128,1.66163718290812,9.15347143743323,15.4438918461626,4.57623152431433,25.1367161687128,1.66163718290812
2020-07-25,83054,3433,5434,80312.7142857143,3404.28571428571,5400.57142857143,835.42857142858,9.28571428571422,12.8571428571431,5.60475368986012,50280.3869776147,556684.806891035,3295.21489242127,1247.12554112548,82315.9226174613,26969.6505178763,939264.798075337,278299.533439466,51.0896923714172,14.9811879886111,5576.51751025149,1635.21942029934,4.13345534230741,4.83590788437655,0.616686490722204,0.673091284667727,25.3527796730341,1.7319667709656,9.20797671876505,15.5361315530319,4.60327925790756,25.3527796730341,1.7319667709656
2020-07-26,83748,3440,5434,81115.1428571429,3413.28571428571,5413.42857142857,802.428571428565,9,12.8571428571431,5.68597082612082,52162.3618045471,559822.907259093,3138.10036805808,1247.12554112566,85501.2975993028,27903.2030098664,944575.429467435,279856.78625369,51.5284714273117,15.1098525237982,5310.63139209815,1557.25281422428,4.10756077757081,4.81687488785893,0.614480035631684,0.67193441869435,25.5705196556585,1.59608895198599,9.25988321014497,15.6239733076748,4.62903736641189,25.5705196556585,1.59608895198599
2020-07-27,84876,3447,5434,81999.5714285714,3422.57142857143,5426.28571428571,884.42857142858,9.28571428571422,12.8571428571431,5.82742683948461,54356.803709143,563252.258254598,3429.350995505,1225.62337662332,89215.7597235641,28991.5984555413,950378.946536751,281558.569454467,51.9706958574278,15.2395273566894,5803.51706931624,1701.7832007769,4.06121871907253,4.79036408606579,0.611981567669438,0.670739385480339,25.7899693728589,1.69571435729734,9.31660720141651,15.719967754442,4.65718611396017,25.7899693728589,1.69571435729734
2020-07-28,85524,3458,5592,82853.7142857143,3430.57142857143,5456.57142857143,854.142857142855,8,30.2857142857138,5.75518101050159,56170.4111632609,566536.012894863,3283.75464026502,1462.14718614717,92283.7547558075,29892.4476970047,955936.069774123,283188.101832343,52.4164397553276,15.3702342139682,5557.12323737156,1629.53237787588,4.04330948037978,4.77064584699128,0.610376025758795,0.670413183570808,26.0111655928693,1.57152565912102,9.37092292173689,15.8118866657534,4.68413977968306,26.0111655928693,1.57152565912102
2020-07-29,86285,3478,5592,83727,3441,5479.14285714286,873.28571428571,10.4285714285716,22.5714285714284,6.35936167113989,58112.6566921595,569864.825523328,3328.8126284657,1376.13852813857,95571.5219146027,30855.621095878,961569.444991526,284839.993813386,52.865788096767,15.5019980133377,5633.37521740329,1651.8919810431,4.03082806976879,4.74836822277726,0.61032017493026,0.671702989489625,26.2341504841099,1.55486176385842,9.42598393436848,15.9050668409761,4.71146328971077,26.2341504841099,1.55486176385842
2020-07-30,87177,3488,5592,84632.8571428571,3452.28571428571,5501.71428571429,905.857142857145,11.2857142857142,22.5714285714284,6.04342190537915,60191.8664883168,573288.455232906,3423.62970957719,1333.13419913419,99091.8659652427,31886.1860000936,967363.279884657,286538.937879793,53.3188326071864,15.6348456517314,5793.83489313081,1698.94406640675,4.00105532422543,4.72210769438197,0.608419717536952,0.670795641733953,26.4589695644685,1.55894275080036,9.4826132913569,16.0009011374181,4.73956507588547,26.4589695644685,1.55894275080036
2020-07-31,88346,3493,5689,85572.8571428571,3462.42857142857,5538.14285714286,940,10.1428571428573,36.4285714285716,6.15868440018345,62349.576683873,576810.944649241,3522.48941633536,1354.63636363635,102744.166735744,32956.3536803803,973324.415819993,288286.940146546,53.7756739724466,15.7688066535746,5961.1359353367,1748.00226675288,3.95377266656102,4.70905731422276,0.605571033698762,0.668845689647998,26.685672798357,1.56181423277129,9.54087786070783,16.0995027163196,4.76847832082654,26.685672798357,1.56181423277129
2020-08-01,89365,3506,5713,86474.4285714286,3472.85714285714,5578,901.57142857142,10.4285714285711,39.8571428571431,6.06663590571764,64291.2916755412,580160.728904978,3349.78425573756,1397.64069264068,106030.937161205,33919.3357707678,978993.281483549,289949.239100521,54.236419172106,15.903912388813,5668.8656635558,1662.29895397503,3.92323616628434,4.67661882959486,0.60431529149127,0.668272439360209,26.9143132733759,1.44611941165422,9.59628575950064,16.1932699296613,4.79597396985154,26.9143132733759,1.44611941165422
2020-08-02,90274,3515,5713,87406.7142857143,3483.57142857143,5617.85714285714,932.285714285725,10.7142857142858,39.8571428571431,6.14419944640075,66360.4132853115,583595.2011641,3434.47225912102,1354.63636363635,109533.714390926,34945.2543354444,984805.465306677,291653.563680235,54.7011834120281,16.0401966396173,5812.18382312777,1704.32457971416,3.89370139796619,4.64377123356541,0.602301045825705,0.666745402631749,27.1449481593523,1.45021648365824,9.65309446024433,16.2894077309199,4.82416475367924,27.1449481593523,1.45021648365824
2020-08-03,91144,3523,5740,88302.1428571429,3494.42857142857,5661.57142857143,895.428571428565,10.8571428571431,43.7142857142853,5.96276600804803,68222.5723119536,586865.858026239,3270.65686213982,1397.64069264068,112686.1483481,35868.5416290089,990340.423073375,293276.596408816,55.1700871868213,16.1776947389927,5534.95776669809,1623.03272858064,3.86531203370491,4.61835030057699,0.600307540780892,0.665024448216225,27.3776372506031,1.349448309747,9.70719353366766,16.3809600090209,4.85101091041563,27.3776372506031,1.349448309747
2020-08-04,91854,3530,5740,89206.4285714286,3504.71428571429,5682.71428571429,904.28571428571,10.2857142857142,21.1428571428569,6.08127581900276,70283.0865287802,590140.779169473,3274.92114323354,1204.12121212122,116174.754824928,36889.9009933204,995882.59731577,294901.745246811,55.6432551372352,16.3164432357306,5542.17424239533,1625.14883799566,3.8430552833845,4.58906428580781,0.598162357966162,0.66297628385438,27.6124423989288,1.32559419566624,9.76136314144104,16.4726316529451,4.87789206916031,27.6124423989288,1.32559419566624
2020-08-05,92426,3536,5749,90083.7142857143,3513,5705.14285714286,877.285714285725,8.28571428571422,22.4285714285716,5.93700452453696,71855.2460833538,593290.88244699,3150.10327751737,1569.65800865804,118833.849016184,37671.1498807672,1001213.54132388,296464.954392045,56.120815116795,16.4564796207143,5330.94400810637,1563.2091452342,3.82576331335339,4.55016449498744,0.595997697691897,0.660585038917314,27.8494270504396,1.24830823875642,9.81346816978388,16.5608093932176,4.90374869976653,27.8494270504396,1.24830823875642
2020-08-06,93005,3551,5790,90916.2857142857,3522,5733.42857142857,832.57142857142,9,28.2857142857147,5.93627770534545,73111.6594941112,596254.966853419,2964.08440642839,1698.67099567101,120958.504678345,38295.7846775126,1006229.68416552,297935.853420799,56.6028947124092,16.5978413066463,5016.14284164796,1470.89902875392,3.8180742970808,4.50781379990017,0.595550594528291,0.659715466777393,28.0886545189399,1.1587600221823,9.86249630899119,16.6437800903376,4.92807845305738,28.0886545189399,1.1587600221823
2020-08-07,93806,3565,5838,91696.2857142857,3532.28571428571,5754.71428571429,780,10.2857142857142,21.2857142857138,5.70932627858584,74327.9669066464,599008.213659893,2753.24680647464,1526.65367965371,123016.969969888,38899.2938338941,1010889.02491494,299302.126272133,57.0896215378104,16.7405657140948,4659.3407494186,1366.27285133325,3.80039656311963,4.48914750497009,0.595150436789193,0.658604419782155,28.330188131545,1.06693387239296,9.90803703900791,16.7208490180582,4.95067761231379,28.330188131545,1.06693387239296
2020-08-08,94581,3577,5899,92441.4285714286,3542.42857142857,5781.28571428571,745.142857142855,10.1428571428573,26.5714285714294,5.78469318723725,75355.9233935766,601615.971012624,2607.75735273096,1569.65800865792,124756.39083788,39409.5515105449,1015302.15274264,300596.201349428,57.5811148994833,16.884687827668,4413.1278276986,1294.07507729519,3.78194351931149,4.45336422330577,0.594565332761909,0.657080266540419,28.5740870929767,1.00257288194038,9.95117126630295,16.7938454027114,4.97208256721209,28.5740870929767,1.00257288194038
2020-08-09,95503,3585,5910,93188.4285714286,3552.42857142857,5809.42857142857,747,10,28.1428571428569,5.52988081515246,76325.1743660565,604207.884322766,2591.91331014223,1612.66233766242,126396.16720889,39890.8930242781,1019688.46757519,301882.413969498,58.0774895490455,17.0302412963367,4386.31483254838,1286.21262007055,3.75380878087599,4.43100904483931,0.59333883138885,0.654963363853484,28.8204083476467,0.991359327984618,9.99404342146403,16.8663982806763,4.99335747127698,28.8204083476467,0.991359327984618
2020-08-10,96258,3591,5910,93919,3562.14285714286,5833.71428571429,730.571428571435,9.71428571428578,24.2857142857138,5.31750075384992,77194.5103276089,606721.099072198,2513.21474943124,1634.16450216447,127866.559935033,40322.8685497746,1023941.60022807,303129.573168464,58.5788429558345,17.1772547013349,4253.13265288353,1247.15919896588,3.73059901514679,4.40662929529276,0.591869972132399,0.652525284769624,29.0692002637975,0.957242621716372,10.0356138444674,16.9367482272974,5.01398640299295,29.0692002637975,0.957242621716372
2020-08-11,96843,3604,5935,94631.7142857143,3572.71428571429,5861.57142857143,712.71428571429,10.5714285714284,27.8571428571431,5.24533975376654,78066.5537393773,609151.869756693,2430.77068449568,1548.15584415582,129342.523510993,40755.4679657113,1028055.21215568,304335.820275056,59.0852638584153,17.3257540637458,4113.61192760803,1206.24710659188,3.72148735582334,4.36943752380486,0.591642278212083,0.651259086204323,29.3205068771083,0.923326935838485,10.0758205819146,17.0047903983618,5.03393861856824,29.3205068771083,0.923326935838485
2020-08-12,97384,3612,5956,95340,3583.57142857143,5891.14285714286,708.28571428571,10.8571428571427,29.5714285714284,5.14086040459126,79203.5026443108,611546.80134561,2394.93158891622,1247.12554112554,131268.371108353,41318.3727928641,1032108.17330616,305524.2825673,59.5968184188903,17.4757587844866,4052.96115047357,1188.46229224408,3.70902817711328,4.31474875210276,0.590633454717183,0.648841131514303,29.5743610199004,0.907338326320428,10.1154345143244,17.0718293609016,5.05359666021523,29.5743610199004,0.907338326320428
