"date","positive","death","recovered","positive7","death7","recovered7","dif_pos7","dif_dea7","dif_rec7","testPosRate7","Einfected","Epositive","dif_Epositive","dif_Erecovered","Einfected_U","Einfected_L","Epositive_U","Epositive_L","confirmRate_k_U","confirmRate_k_L","dif_Epositive_U","dif_Epositive_L","CFR","CFRadj","ECFR_k","EIFRadj_k","confirmRate_k","NCC7PerEinfected_k","cumIncidence","cumIncidence_U","cumIncidence_L","difEposPerEinfected_k","ascertainmentRate","docuTransmissionRate"
2020-03-29,1280,2,31,1280,2,31,NA,NA,NA,NA,4543.45454545455,4545.45454545455,NA,NA,4543.45454545455,4543.45454545455,4545.45454545455,4545.45454545455,NA,NA,NA,NA,NA,NA,NA,NA,NA,NA,0.00776227641001491,0.00776227641001491,0.00776227641001491,NA,NA,NA
2020-03-30,1326,3,31,1303,2.5,31,23,0.5,0,NA,5105.72510822511,5108.22510822511,562.770562770563,0,5105.72510822511,5105.72510822511,5108.22510822511,5108.22510822511,40.0265501773011,11.7371086986071,562.770562770563,562.770562770563,NA,NA,NA,NA,19.8627993361043,0.506222738004722,0.00872332015601676,0.00872332015601676,0.00872332015601676,12.3864023980075,19.8627993361043,0.506222738004722
2020-03-31,1353,5,31,1319.66666666667,3.33333333333333,31,16.6666666666667,0.833333333333333,0,NA,5188.80072641881,5192.13405975214,83.9089515270325,0,5246.89153901445,5146.5308034691,5250.22487234778,5149.86413680243,40.0265501768764,11.7371086984826,141.999764122671,41.639028577325,NA,NA,NA,NA,19.8627993358936,0.326430943957743,0.00886661154052278,0.00896581326825772,0.00879442715885433,1.64342869520842,19.8627993358936,0.326430943957743
2020-04-01,1380,5,50,1334.75,3.75,35.75,15.0833333333333,0.416666666666667,4.75,NA,5264.32166088491,5268.07166088491,75.9376011327658,0,5374.98465888015,5183.79745766531,5378.73465888015,5187.54745766531,40.0265501764542,11.7371086983588,128.509786532372,37.6833208628759,NA,NA,NA,NA,19.8627993356841,0.290690163842473,0.00899629024350209,0.0091852695348381,0.00885877899642301,1.46349041207401,19.8627993356841,0.290690163842473
2020-04-02,1462,5,50,1360.2,4,38.6,25.45,0.25,2.85,NA,5392.20062986938,5396.20062986938,128.128968984474,0,5591.56829870003,5247.13025430422,5595.56829870003,5251.13025430422,40.0265501760344,11.7371086982357,216.833639819879,63.5827966389124,NA,NA,NA,NA,19.8627993354757,0.483443103188786,0.00921509618764739,0.00955555651723783,0.00896735938975828,2.43391223481843,19.8627993354757,0.483443103188786
2020-04-03,1505,9,95,1384.33333333333,4.83333333333333,48,24.1333333333332,0.833333333333333,9.4,NA,5512.86745835101,5517.70079168435,121.500161814966,0,5796.35062382279,5306.59023435275,5801.18395715613,5311.42356768608,40.0265501756169,11.7371086981132,205.615658456097,60.2933133818624,NA,NA,NA,NA,19.8627993352685,0.44756000357925,0.00942258211241864,0.00990668654377379,0.00907032232987032,2.2532574389375,19.8627993352685,0.44756000357925
2020-04-04,1585,9,95,1413,5.42857142857143,54.7142857142857,28.6666666666667,0.595238095238096,6.71428571428572,NA,5656.59561688831,5662.02418831688,144.323396632536,0,6039.99498002877,5377.61412541351,6045.42355145734,5383.04269684208,40.0265501752013,11.7371086979914,244.239594301215,71.6191291559962,NA,NA,NA,NA,19.8627993350623,0.519995571834832,0.00966904329377931,0.0103237746968457,0.00919262637475607,2.61793699418461,19.8627993350623,0.519995571834832
2020-04-05,1655,11,95,1466.57142857143,6.71428571428571,63.8571428571429,53.5714285714287,1.28571428571429,9.14285714285714,NA,5925.01724681071,5931.73153252499,269.707344208109,0,6495.13707901832,5510.16814584761,6501.8513647326,5516.88243156189,40.0265501747876,11.73710869787,456.427813275261,133.839734719813,0.664652567975831,NA,0.185443321898245,NA,19.862799334857,0.947061310274711,0.0101296227440013,0.0111032168433752,0.00942118459817449,4.76801529532837,19.862799334857,0.947061310274711
2020-04-06,1686,12,95,1518,8,73,51.4285714285713,1.28571428571429,9.14285714285715,NA,5806.36270417956,6190.65058296744,258.91905044245,376.287878787879,6293.49642445572,5451.89865208221,6940.02206548136,5645.36857689424,40.0265501743754,11.7371086977492,438.170700748761,128.486145332344,0.711743772241993,NA,0.193840693141623,NA,19.8627993346524,0.867990240015829,0.0105717790162189,0.0118514813040512,0.00964060049265843,4.36992905939336,19.8627993346524,0.867990240015829
2020-04-07,1749,13,95,1574.57142857143,9.14285714285714,82.1428571428571,56.5714285714287,1.14285714285714,9.14285714285714,NA,5964.60150959704,6475.46153845706,284.810955489621,125.429292929293,6561.49945779957,5530.2672465357,7422.00983630995,5786.70333676127,40.0265501739644,11.7371086976287,481.987770828589,141.33475986703,0.743281875357347,NA,0.200757890735578,NA,19.8627993344485,0.974300632656882,0.0110581509156633,0.0126745722108032,0.00988195797659324,4.90515267474777,19.8627993344485,0.974300632656882
2020-04-08,1845,18,95,1641,11,88.5714285714286,66.4285714285713,1.85714285714286,6.42857142857143,NA,6234.4668271036,6809.89864528542,334.437106828357,62.7146464646465,7019.19186325025,5663.4597206009,7987.98032478871,5952.66460781895,40.0265501735544,11.7371086975084,565.970488478759,165.961271057681,0.975609756097561,NA,0.26432111456551,NA,19.862799334245,1.11371348625697,0.0116292694339561,0.0136410804725295,0.0101653701736408,5.60703185770664,19.862799334245,1.11371348625697
2020-04-09,1934,18,95,1708.42857142857,12.8571428571429,95,67.4285714285713,1.85714285714286,6.42857142857143,NA,6534.45254029154,7149.37028920929,339.471643923869,37.6287878787879,7527.97263062325,5811.51519803681,8562.47079912141,6121.1242205932,40.026550173145,11.7371086973884,574.490474332702,168.459612774251,0.93071354705274,NA,0.251770425531991,NA,19.8627993340419,1.08154511493739,0.012208985435326,0.0146221383210016,0.0104530487908619,5.44507899934693,19.8627993340419,1.08154511493739
2020-04-10,2003,24,410,1779.57142857143,15,140,71.1428571428573,2.14285714285714,45,NA,6765.05174334612,7507.54164233602,358.171353126727,125.429292929293,7919.12402919912,5925.2882003403,9168.60693518203,6298.86338831022,40.026550172736,11.7371086972685,606.136136060615,177.739167717024,1.19820269595607,NA,0.319678546498641,NA,19.8627993338389,1.08873477438292,0.0128206349452521,0.0156572374916458,0.0107565741115771,5.48127560676639,19.8627993338389,1.08873477438292
2020-04-11,2028,25,410,1842.85714285714,17.2857142857143,185,63.2857142857142,2.28571428571428,45,NA,6991.78795294548,7826.15591831345,318.614275977432,89.5923520923523,8304.00179049915,6036.95232010568,9707.80032529768,6456.97272826895,40.026550172327,11.7371086971485,539.193390115654,158.109339958725,1.232741617357,NA,0.319441629593645,NA,19.862799333636,0.935480121445285,0.0133647328024811,0.0165780184808025,0.0110265775595254,4.70970937200607,19.862799333636,0.935480121445285
2020-04-12,2173,25,410,1916.85714285714,19.2857142857143,230,74,2,45,NA,7168.82421725218,8198.71166313963,372.555744826179,193.51948051948,8604.0961278973,6124.44507425143,10338.2792780804,6641.85001517517,40.0265501719177,11.7371086970285,630.478952782765,184.877286906224,1.15048320294524,NA,0.304925956993912,NA,19.8627993334328,1.05838450008745,0.0140009465497666,0.0176546878992858,0.0113422926521633,5.32847602549545,19.8627993334328,1.05838450008745
2020-04-13,2272,27,410,2000.57142857143,21.4285714285714,275,83.7142857142858,2.14285714285714,45,NA,7394.62455617359,8620.17433972337,421.462676583742,193.519480519481,8986.81318497308,6236.0645764874,11051.5238076837,6850.99690731447,40.0265501715077,11.7371086969083,713.244529603253,209.146892139299,1.18838028169014,NA,0.313218723147848,NA,19.8627993332294,1.16775475508408,0.0147206787040391,0.0188726961603623,0.0116994529693211,5.87910463154429,19.8627993332294,1.16775475508408
2020-04-14,2415,27,410,2095.71428571429,23.4285714285714,320,95.1428571428571,2,45,NA,7699.60748351404,9099.17458308114,479.000243357767,172.017316017316,9503.53154552725,6386.97769402907,11862.1396041353,7088.69627619878,40.0265501710968,11.7371086967878,810.615796451606,237.699368884306,1.11801242236025,NA,0.296730211663412,NA,19.8627993330255,1.28664892149968,0.0155386678077087,0.0202569854127263,0.0121053723741496,6.4776817229735,19.8627993330255,1.28664892149968
2020-04-15,2506,34,410,2190.14285714286,25.7142857142857,365,94.4285714285716,2.28571428571429,45,NA,7893.19777613974,9574.57872852069,475.404145439557,279.528138528138,9831.44259019053,6482.82916040187,12666.6696964176,7324.61111528908,40.0265501706846,11.7371086966669,804.530092282328,235.914839090307,1.35674381484437,NA,0.355107007462595,NA,19.8627993328209,1.2264076004617,0.0163505158520499,0.0216308821031497,0.0125082443360031,6.1743945578715,19.8627993328209,1.2264076004617
2020-04-16,2605,48,903,2286,30,480.428571428571,95.8571428571427,4.28571428571428,115.428571428571,NA,8091.98026461672,10057.1750698115,482.596341290835,279.528138528139,10169.5250432175,6580.24968637004,13483.3711970637,7564.09501397476,40.0265501702707,11.7371086965455,816.70150064603,239.483898685678,1.8426103646833,2.34375,0.477271198590158,1.056,19.8627993326155,1.2144272261536,0.0171746460150734,0.0230255639174972,0.0129172111838193,6.11407891931544,19.8627993326155,1.2144272261536
2020-04-17,2783,50,903,2397.42857142857,33.7142857142857,550.857142857143,111.428571428572,3.71428571428572,70.4285714285714,NA,8326.72478739197,10618.1663458335,560.991276022003,322.532467532468,10567.8729169251,6695.94782763982,14432.7410487932,7842.48166222628,40.0265501698547,11.7371086964236,949.369851729542,278.38664825152,1.79662234998203,2.54255548373195,0.470891097120733,0.978813559322034,19.8627993324091,1.37702475442248,0.0181326512716531,0.0246468035824783,0.0133926122885882,6.93268220728384,19.8627993324091,1.37702475442248
2020-04-18,3034,52,903,2541.14285714286,37.5714285714286,621.285714285714,143.714285714286,3.85714285714285,70.4285714285714,NA,8702.36791465921,11341.7012479925,723.534902159015,344.034632034632,11204.6645828499,6881.56557715374,15657.18472937,8201.52905728264,40.0265501694364,11.7371086963009,1224.44368057679,359.047395056354,1.7139090309822,2.77689789884912,0.458485009109228,1.00151497248671,19.8627993322015,1.72594014211093,0.0193682324102804,0.0267377870478476,0.0140057578160273,8.68930967016667,19.8627993322015,1.72594014211093
2020-04-19,3158,54,903,2681.85714285714,41.7142857142857,691.714285714286,140.714285714285,4.14285714285715,70.4285714285713,NA,9105.62604537484,12050.1325388813,708.431290888791,301.030303030303,11888.5849359291,7080.599150076,16856.0684524126,8553.08142719737,40.0265501690154,11.7371086961775,1198.88372304257,351.552369914738,1.70994300189994,3.02277432712215,0.448127851090118,1.02504300389356,19.8627993319926,1.61696548576619,0.0205780210997046,0.0287851217530269,0.0146061040829596,8.14067272075952,19.8627993319926,1.61696548576619
2020-04-20,3300,58,1055,2828.71428571429,46.1428571428571,783.857142857143,146.857142857143,4.42857142857143,92.1428571428572,NA,9518.02273945075,12789.4902719183,739.357733036948,322.532467532467,12588.0694511784,7284.09568354869,18107.2892313982,8919.98075336609,40.0265501685914,11.7371086960531,1251.2207789856,366.899326168712,1.75757575757576,3.15614617940199,0.453497354209259,1.07483031077375,19.8627993317822,1.61281763633142,0.0218406228994418,0.0309218324910438,0.0152326583595209,8.11979021928427,19.8627993317822,1.61281763633142
2020-04-21,3465,58,1055,2978.71428571429,50.5714285714286,876,150,4.42857142857142,92.1428571428571,NA,9967.74442889955,13544.670835826,755.18056390767,301.030303030303,13350.8182443115,7506.04242954798,19385.2871087804,9294.73201064358,40.0265501681641,11.7371086959278,1277.99787738221,374.75125727749,1.67388167388167,3.36022781205505,0.428212694889482,1.05116247128534,19.8627993315701,1.57595757018101,0.0231302453602767,0.0331042705016875,0.0158726213851984,7.93421684923657,19.8627993315701,1.57595757018101
2020-04-22,3635,65,1055,3140,55,968.142857142857,161.285714285714,4.42857142857143,92.1428571428571,NA,10431.280136542,14356.6697469316,811.998911105657,344.034632034633,14136.7468044976,7734.9881835016,20759.43911219,9697.67883871105,40.0265501677331,11.7371086958014,1374.15200340957,402.946828067472,1.78817056396149,3.47003154574132,0.452751237896882,1.14799933448045,19.8627993313563,1.61807633931177,0.024516896558656,0.0354509109912525,0.0165607340099581,8.14626535519333,19.8627993313563,1.61807633931177
2020-04-23,3953,75,1473,3332.57142857143,58.8571428571429,1049.57142857143,192.571428571428,3.85714285714285,81.4285714285716,NA,10751.8660587814,15326.1777470931,969.508000161488,645.064935064935,14678.9801234523,7894.29183127239,22400.1449586171,10178.7880718739,40.0265501672981,11.7371086956739,1640.70584642714,481.109233162842,1.89729319504174,3.5563228312473,0.489358803203396,1.26438628566985,19.8627993311404,1.84609583774606,0.0261725261560304,0.0382527456945013,0.0173823246372265,9.29423797914493,19.8627993311404,1.84609583774606
2020-04-24,4220,79,1473,3537.85714285714,63,1131,205.285714285714,4.14285714285715,81.4285714285713,NA,11222.1854677925,16359.6962903033,1033.5185432102,559.056277056277,15475.20198046,8127.46752081386,24149.1763394344,10691.6619354218,40.0265501668589,11.7371086955451,1749.03138081726,512.873863547919,1.87203791469194,3.73665480427046,0.482894050098135,1.27611789651568,19.8627993309224,1.90930312000683,0.0279374666096305,0.0412395680005939,0.0182581597495394,9.61245738702341,19.8627993309224,1.90930312000683
2020-04-25,4361,86,1473,3727.42857142857,67.8571428571429,1212.42857142857,189.571428571429,4.85714285714286,81.4285714285713,NA,11591.174272281,17314.1006792074,954.404388904062,580.558441558441,16100.3368803636,8310.07098770288,25764.3222283489,11165.2761434494,40.0265501664151,11.737108695415,1615.14588891457,473.614208027579,1.97202476496216,3.87976803071143,0.496704978175841,1.32809066178921,19.8627993307022,1.68925588473764,0.0295673037578236,0.0439977539436898,0.0190669511163119,8.50462141837871,19.8627993307022,1.68925588473764
2020-04-26,4546,87,1473,3925.71428571429,72.5714285714286,1293.85714285714,198.285714285714,4.71428571428571,81.4285714285716,NA,11961.1739995862,18312.3774627896,998.276783582278,623.562770562771,16726.8858694296,8493.39201242362,27453.7137082574,11660.6616150015,40.0265501659665,11.7371086952834,1689.39147990847,495.385471552108,1.91377034755829,3.93341076267905,0.475088503263883,1.2775520537333,19.8627993304796,1.71066114142569,0.0312720618299542,0.04688272914268,0.0199129212874443,8.61238697764686,19.8627993304796,1.71066114142569
2020-04-27,4793,90,1473,4139,77.1428571428571,1353.57142857143,213.285714285714,4.57142857142857,59.7142857142858,NA,12363.830311437,19386.172302779,1073.79483998936,666.5670995671,17408.4031444299,8693.13445718741,29270.9049759317,12193.5222122895,40.0265501655129,11.7371086951504,1817.1912676743,532.860597287956,1.877738368454,3.98877234451174,0.46424842714876,1.25885212765996,19.8627993302545,1.7831503337184,0.0331057821481961,0.0499859481427818,0.0208228877611584,8.97733650581884,19.8627993302545,1.7831503337184
2020-04-28,4996,93,2073,4357.71428571429,82.1428571428571,1499,218.714285714285,5,145.428571428571,NA,12793.3883960913,20487.2974870004,1101.1251842214,666.567099567099,18135.7431997789,8906.01075698364,31134.3475953833,12739.9452360384,40.0265501650541,11.7371086950159,1863.44261945161,546.423023748965,1.86148919135308,4.10099137008773,0.453939813482039,1.23875436768224,19.8627993300268,1.76898485337689,0.0349861745174262,0.0531681506137866,0.0217560148015282,8.90601986993317,19.8627993300268,1.76898485337689
2020-04-29,5350,103,2073,4602.71428571429,87.5714285714286,1644.42857142857,245,5.42857142857143,145.428571428571,NA,13354.8543129217,21720.7590748264,1233.46158782601,666.5670995671,19086.6085974918,9184.12918187689,33221.7441286273,13352.038956313,40.0265501645897,11.7371086948797,2087.39653324401,612.093720274563,1.92523364485981,4.31811777965624,0.474200738773321,1.31609951392582,19.8627993297964,1.91505168274913,0.0370925578703113,0.0567327993648229,0.0228012877435614,9.64139874157861,19.8627993297964,1.91505168274913
2020-04-30,5647,103,2073,4844.71428571429,91.5714285714286,1730.14285714286,242,4,85.7142857142858,NA,13988.653847924,22939.1170513872,1218.35797656082,580.558441558442,20159.2913270562,9498.57427873091,35283.5807043456,13956.6376514484,40.0265501641196,11.7371086947418,2061.8365757183,604.598695135443,1.82397733309722,4.21405561764513,0.44901466682115,1.25629494281492,19.8627993295631,1.81207517571317,0.0391731487740018,0.0602537993556838,0.0238337614250921,9.12295969699931,19.8627993295631,1.81207517571317
2020-05-01,5951,116,2382,5092,96.8571428571429,1860,247.285714285715,5.28571428571429,129.857142857143,NA,14604.7744642868,24184.0861525985,1244.96910121125,623.56277056277,21202.7481943075,9803.74261896678,37390.4514910108,14574.4418670871,40.0265501636436,11.7371086946023,2106.87078666519,617.804215638662,1.94925222651655,4.26307847082495,0.479654262179083,1.34568044019076,19.8627993293269,1.76775919057088,0.0412991835168183,0.0638517043050656,0.0248887861846852,8.89984922599256,19.8627993293269,1.76775919057088
2020-05-02,6336,123,2549,5374.14285714286,102.142857142857,2013.71428571429,282.142857142857,5.28571428571428,153.714285714286,NA,15288.8738368361,25604.5448325071,1420.45867990862,731.073593073594,22360.7515280723,10143.0046062039,39794.3046416254,15279.3311368162,40.0265501631615,11.7371086944609,2403.8531506146,704.889269729094,1.94128787878788,4.22951789411417,0.480383466312751,1.35177096424443,19.8627993290877,1.93185356981108,0.0437249019553586,0.0679567662779798,0.0260925261617052,9.72598846618333,19.8627993290877,1.93185356981108
2020-05-03,6783,131,2549,5693.71428571429,108.428571428571,2167.42857142857,319.571428571428,6.28571428571429,153.714285714286,NA,16181.9109051153,27213.4390436435,1608.89421113638,709.571428571428,23873.1329403251,10585.3742362201,42517.0486912408,16077.7297679064,40.0265501626732,11.7371086943177,2722.74404961542,798.398631090236,1.9312988353236,4.32675863641546,0.48137980572727,1.36820641110588,19.8627993288453,2.0902221553166,0.0464724119032475,0.0726063984974842,0.0274559521508832,10.5233009854526,19.8627993288453,2.0902221553166
2020-05-04,7220,138,2746,6040.42857142857,115.285714285714,2349.28571428571,346.714285714286,6.85714285714286,181.857142857143,NA,17232.5304304537,28958.9849759082,1745.54593226476,688.069264069265,25652.6868623262,11105.5828513718,45471.0494996889,16943.9405312859,40.0265501621784,11.7371086941726,2954.00080844805,866.210763379502,1.91135734072022,4.42555525089114,0.47653603921134,1.3721546959467,19.8627993285998,2.14260409280913,0.0494532821060231,0.0776509480714121,0.0289351809733132,10.787019793274,19.8627993285998,2.14260409280913
2020-05-05,7572,148,2746,6408.42857142857,123.142857142857,2445.42857142857,368,7.85714285714285,96.1428571428573,NA,18324.8071804412,30811.6946263286,1852.70965042041,752.575757575758,27503.1332304369,11646.1756102271,48606.404292708,17863.3302826224,40.0265501616772,11.7371086940256,3135.35479301915,919.389751336443,1.95456946645536,4.42482418767004,0.480337098607792,1.39383764747737,19.8627993283511,2.13549600910765,0.0526171558771175,0.0830051959917256,0.030505223596563,10.7512338823221,19.8627993283511,2.13549600910765
2020-05-06,7808,153,3153,6759.57142857143,130.285714285714,2599.71428571429,351.142857142857,7.14285714285714,154.285714285714,NA,19268.4238116536,32579.5363657662,1767.84173943755,817.082251082251,29101.2097272141,12113.5729073486,51598.1364671408,18740.6051307643,40.0265501611693,11.7371086938767,2991.73217443279,877.274848141948,1.95952868852459,4.29418966004332,0.469619942660598,1.34900396910984,19.8627993280991,1.91621583416039,0.0556361006478662,0.0881141794499157,0.032003346565506,9.6472597066366,19.8627993280991,1.91621583416039
2020-05-07,8232,161,3153,7128.85714285714,138.571428571429,2754,369.285714285715,8.28571428571431,154.285714285714,NA,20517.2601180383,34438.7189924972,1859.18262673101,602.060606060606,31217.592047909,12731.137218358,54744.4455277625,19663.2070357586,40.0265501606548,11.7371086937258,3146.30906062171,922.601904994339,1.95578231292517,4.38794897312947,0.467497063508882,1.33608488936128,19.8627993278437,1.91653306727358,0.0588110283258506,0.0934871339818894,0.0335788745861599,9.64885682868658,19.8627993278437,1.91653306727358
2020-05-08,8895,178,3153,7549.42857142857,147.428571428571,2864.14285714286,420.571428571428,8.85714285714283,110.142857142857,NA,21830.2053463061,36556.1014502022,2117.38245770499,795.580086580087,33441.9718847577,13380.8748074662,58327.708148494,20713.9381801837,40.0265501601334,11.737108693573,3583.26262073151,1050.73114442503,2.00112422709387,4.46753246753247,0.486922819826608,1.39176774222842,19.862799327585,2.04984206325988,0.0624268840643836,0.0996062744624837,0.0353732090128003,10.3200059146466,19.862799327585,2.04984206325988
2020-05-09,9420,186,3983,7990,156.428571428571,3069,440.571428571428,9,204.857142857143,NA,23243.6984593348,38774.174649811,2218.07319960881,795.580086580087,35836.6085815316,14080.4363737597,62081.3704862935,21814.6361589369,40.0265501596053,11.7371086934181,3753.66233779953,1100.69797875324,1.97452229299363,4.51453308596166,0.479700732974613,1.37323381464558,19.8627993273229,2.01817354037853,0.0662146894644457,0.106016406677973,0.0372528718429063,10.1605695614042,19.8627993273229,2.01817354037853
2020-05-10,10015,194,4173,8451.71428571429,165.428571428571,3301,461.714285714286,9,232,NA,24613.120919434,41098.6923480054,2324.5176981944,946.095238095239,38155.9718656555,14758.6320521333,66015.1696678533,22968.156219695,40.0265501590703,11.7371086932612,3933.79918155973,1153.52006075812,1.93709435846231,4.55099233641187,0.472034483134632,1.35128831003069,19.8627993270574,1.98640627713249,0.0701842702209842,0.1127341587275,0.0392227389852487,10.0006360961065,19.8627993270574,1.98640627713249
2020-05-11,10652,206,4357,8942,175.142857142857,3531.14285714286,490.285714285714,9.71428571428572,230.142857142857,NA,26039.6643528111,43567.0539632007,2468.36161519528,1032.1038961039,40572.1003133486,15465.1015110164,70192.3970166453,24193.0574723483,40.0265501585284,11.7371086931023,4177.22734879202,1224.9012526533,1.93390912504694,4.43063134689747,0.47283435821481,1.34410551279866,19.8627993267885,1.99196889895686,0.0743994933511278,0.119867613255435,0.0413145038468238,10.0286413221426,19.8627993267885,1.99196889895686
2020-05-12,11350,206,4357,9481.71428571429,183.428571428571,3761.28571428571,539.714285714286,8.28571428571428,230.142857142857,NA,27565.9711824959,46284.2655547903,2717.21159158962,1182.61904761905,43155.3778053428,16222.3010333735,74790.75509472,25541.4481869718,40.0265501579797,11.7371086929414,4598.35807807474,1348.39071462342,1.81497797356828,4.34664861205146,0.445075659148446,1.25919208000273,19.8627993265163,2.07266221962323,0.0790396777875792,0.127720233070968,0.0436171517626568,10.4348948387896,19.8627993265163,2.07266221962323
2020-05-13,12074,219,4745,10091.1428571429,192.857142857143,3988.71428571429,609.428571428571,9.42857142857144,227.428571428572,NA,29549.6251350015,49352.4563038327,3068.19074904241,1075.10822510823,46513.913065627,17205.5192138865,79983.0779007918,27064.0090098048,40.0265501574242,11.7371086927785,5192.32280607177,1522.56082283307,1.81381480867981,4.42231467225735,0.443746910289027,1.26486500256406,19.8627993262406,2.21080028984829,0.0842792296155771,0.136587166933734,0.0462172301133926,11.1303560782603,19.8627993262406,2.21080028984829
2020-05-14,12739,238,5676,10735,203.857142857143,4349.14285714286,643.857142857143,11,360.428571428571,NA,31533.0222629169,52593.9789728736,3241.52266904088,1247.12554112554,49872.3104029782,18188.3940507252,85468.7316483994,28672.5841688778,40.026550156862,11.7371086926137,5485.65374760763,1608.57515907292,1.86827851479708,4.48431902457419,0.452523282413664,1.29966739973338,19.8627993259616,2.17890121875649,0.0898147805037905,0.145955022283018,0.0489641952158143,10.9697590214141,19.8627993259616,2.17890121875649
2020-05-15,13524,247,6083,11396.2857142857,213.714285714286,4767.71428571429,661.285714285714,9.85714285714286,418.571428571428,NA,33519.2983793687,55923.2464313168,3329.2674584432,1333.13419913419,53234.393061589,19173.5611461073,91102.8765780726,30324.7018550225,40.026550156293,11.7371086924468,5634.14492967312,1652.11768614475,1.82638272700385,4.45888349080504,0.441676790533536,1.27410401673049,19.8627993256792,2.09712125945004,0.0955001732399574,0.155576456144224,0.0517855179269948,10.5580347823445,19.8627993256792,2.09712125945004
2020-05-16,14355,261,6478,12101.2857142857,224.428571428571,5124.14285714286,705,10.7142857142857,356.428571428572,NA,35703.2963814878,59472.5950827865,3549.34865146975,1354.63636363636,56931.5764937466,20256.4860408217,97109.4666036367,32086.0327647744,40.0265501557174,11.737108692278,6006.59002556419,1761.33090975191,1.81818181818182,4.49216516069999,0.438857594219127,1.27396012170766,19.8627993253936,2.10326597926084,0.101561398807766,0.165833914797439,0.0547933441486142,10.5889706022438,19.8627993253936,2.10326597926084
2020-05-17,15515,264,7006,12887,234.428571428571,5528.85714285714,785.714285714286,10,404.714285714286,NA,38294.3677348459,63428.302799781,3955.70771699442,1354.63636363636,61317.1587840449,21541.7770883527,103803.741201627,34049.0155416288,40.0265501551354,11.7371086921074,6694.27459799057,1962.98277685438,1.70157911698356,4.38184245660881,0.41621797895704,1.21542713627337,19.8627993251048,2.20067714910396,0.108316564081005,0.177265732952151,0.0581455314270636,11.0793907507248,19.8627993251048,2.20067714910396
2020-05-18,16433,286,7298,13712.8571428571,245.857142857143,5949,825.857142857143,11.4285714285714,420.142857142857,NA,40978.6003976849,67586.1112201957,4157.80842041472,1462.14718614719,65860.8931804976,22872.9387319957,110840.032374637,36112.2888931128,40.026550154547,11.7371086919348,7036.29117300952,2063.273351484,1.7404004138015,4.35376558982013,0.423163864345163,1.24677858942572,19.8627993248128,2.15660210864641,0.115416856889217,0.189281613089125,0.0616689850010636,10.8574933243547,19.8627993248128,2.15660210864641
2020-05-19,17200,312,7960,14548.5714285714,261,6463.71428571429,835.714285714286,15.1428571428571,514.714285714285,NA,43923.7665712531,71793.5457920323,4207.43457183661,1247.12554112554,70849.7678038988,24330.9954153346,117960.306265437,38200.1887558287,40.0265501539523,11.7371086917605,7120.27389080041,2087.89986271591,1.81395348837209,4.38581750966224,0.434579454960736,1.29010456724029,19.8627993245177,2.03939196754872,0.12260189631642,0.201440910581314,0.0652344932882469,10.2673945205662,19.8627993245177,2.03939196754872
2020-05-20,18003,339,8950,15395.5714285714,278.142857142857,7064.42857142857,847,17.1428571428572,600.714285714286,NA,46751.7337760774,76057.7987111423,4264.25291911003,1419.14285714286,75640.8991175575,25730.4614181583,125176.734282393,40316.284189372,40.0265501533516,11.7371086915843,7216.42801695543,2116.09543354333,1.88301949675054,4.38988095238095,0.445713662168265,1.32398369983758,19.8627993242196,1.92834099927044,0.129883964481296,0.213764410552643,0.0688481511745763,9.70830430079936,19.8627993242196,1.92834099927044
2020-05-21,19137,369,8950,16309.5714285714,296.857142857143,7532.14285714286,914,18.7142857142857,467.714285714285,NA,49678.9197282131,80659.365615659,4601.56690451667,1655.66666666667,80599.9390805125,27179.1637918282,132964.001351575,42599.7685179292,40.0265501527451,11.7371086914065,7787.26706918208,2283.48432855714,1.92820191252547,4.37648743708009,0.457479422486759,1.35594769704857,19.8627993239186,1.95500770848152,0.137742064012343,0.227062732835954,0.0727476592125398,9.84255883761742,19.8627993239186,1.95500770848152
2020-05-22,20125,397,10104,17252.5714285714,318.285714285714,8106.57142857143,942.999999999998,21.4285714285714,574.428571428572,NA,52921.4102864695,85406.9340959933,4747.56848033433,1483.64935064935,86095.2417834959,28782.3900409307,140998.348010602,44955.7047562906,40.0265501521329,11.7371086912269,8034.34665902733,2355.9362383614,1.97267080745342,4.40838939453898,0.464833451993243,1.37090440265871,19.8627993236148,1.89818942182802,0.145849490552706,0.240782993135029,0.0767708934355768,9.55650506554422,19.8627993236148,1.89818942182802
2020-05-23,21343,407,10104,18250.8571428571,339.142857142857,8624.57142857143,998.285714285714,20.8571428571429,518.000000000001,NA,56313.7972657422,90432.8405557855,5025.9064597922,1612.66233766233,91843.2263418255,30460.7206364452,149503.728173327,47449.7636009995,40.0265501515153,11.7371086910458,8505.38016272525,2494.05884470892,1.90694841399991,4.47890725228285,0.450057741743646,1.32092702117143,19.8627993233083,1.88635508390872,0.154432235086099,0.255307637730002,0.0810299997453809,9.49692465220863,19.8627993233083,1.88635508390872
2020-05-24,22583,429,11100,19260.5714285714,362.714285714286,9209.42857142857,1009.71428571429,23.5714285714286,584.857142857141,NA,59868.5183486884,95516.2845824547,5083.44402666915,1505.15151515152,97868.3037788993,32217.8808301307,158106.479603075,49972.3749225045,40.0265501508924,11.7371086908632,8602.75142974782,2522.611321505,1.89965903555772,4.64541861826698,0.449138073026348,1.31677748628364,19.8627993229992,1.79301402831658,0.163113236569065,0.26999856331656,0.085337865142943,9.0269956449227,19.8627993229992,1.79301402831658
2020-05-25,23615,481,11917,20286.5714285714,390.571428571429,9869.28571428571,1026,27.8571428571428,659.857142857143,NA,63285.9231050965,100681.719641893,5165.43505943839,1720.17316017316,103662.977762271,33905.4597747714,166847.985088279,52535.6735234288,40.0265501502646,11.7371086906791,8741.50548520344,2563.29860092431,2.03684099089562,4.74455088157712,0.477743131236565,1.39668377358865,19.8627993226877,1.71375545519432,0.17193425420512,0.284926439316038,0.0897152122405343,8.62796541807444,19.8627993226877,1.71375545519432
2020-05-26,24264,524,12741,21295.7142857143,420.857142857143,10552.2857142857,1009.14285714286,30.2857142857143,683,NA,66056.9751020706,105762.286790382,5080.56714848922,2279.22943722944,108362.933889019,35272.9399279422,175445.867954953,55056.8572211753,40.0265501496321,11.7371086904936,8597.88286667402,2521.18369774652,2.15957797560171,4.73139002649964,0.495450709229229,1.43341324488282,19.8627993223738,1.59457712996067,0.180610342840888,0.29960905085349,0.0940206396838474,8.02795771826243,19.8627993223738,1.59457712996067
2020-05-27,25937,552,13451,22429.1428571429,451.285714285714,11195.2857142857,1133.42857142857,30.4285714285714,643,NA,69152.5749779184,111468.574977918,5706.28818753606,2580.25974025974,113610.83917342,36802.4094689107,185102.663349244,57888.549103712,40.0265501489951,11.7371086903068,9656.79539429181,2831.69188253669,2.12823379727802,4.79071883530482,0.49520683305528,1.42362798173111,19.8627993220577,1.71583480587944,0.190354975801996,0.31609996817229,0.0988563222059013,8.63843398629556,19.8627993220577,1.71583480587944
2020-05-28,27403,577,14370,23610,481,11969.5714285714,1180.85714285714,29.7142857142857,774.285714285716,NA,72251.1462322779,117413.644067776,5945.06908985738,2816.78354978355,118862.190526952,38334.5049785929,195163.549501311,60838.7337648442,40.026550148354,11.7371086901188,10060.8861520663,2950.18466113225,2.1056088749407,4.80279580629056,0.491424999693335,1.40393761220971,19.8627993217396,1.7076112383258,0.20050737510346,0.333280951605536,0.103894354941966,8.59703213040982,19.8627993217396,1.7076112383258
2020-05-29,29240,611,15093,24912.1428571429,511.571428571429,12682.2857142857,1302.14285714286,30.5714285714286,712.714285714284,NA,75550.9366460352,123969.330585429,6555.68651765345,3225.32467532468,124452.780897486,39967.3891581374,206257.788223494,64091.9315856347,40.026550147709,11.7371086899297,11094.2387221828,3253.19782079043,2.08960328317373,4.80258569819216,0.492863837462565,1.4024358877148,19.8627993214195,1.80224525702296,0.211702526281096,0.352226592059996,0.109449843496282,9.07347060844929,19.8627993214195,1.80224525702296
2020-05-30,30967,643,16116,26287,545.285714285714,13541.1428571429,1374.85714285714,33.7142857142858,858.857142857143,NA,79299.6756295567,130891.099871981,6921.76928655173,3139.31601731602,130805.701814654,41821.1887396485,217971.551631504,67526.7945398633,40.0265501470605,11.7371086897395,11713.7634080106,3434.86295422867,2.07640391384377,4.80427942101951,0.491248068530932,1.38924101374976,19.8627993210977,1.81977511176034,0.22352283729978,0.372230195322386,0.115315561746155,9.1617253125279,19.8627993210977,1.81977511176034
2020-05-31,32683,683,16809,27729.8571428571,581.571428571429,14356.7142857143,1442.85714285714,36.2857142857142,815.571428571429,NA,82979.6505815691,138155.217681136,7264.1178091553,3547.85714285714,137042.153931247,43640.9367824302,230264.674077767,71131.5447308727,40.0265501464087,11.7371086895484,12293.1224462629,3604.7501910094,2.08977144081021,4.81672543126908,0.494371484091445,1.38392301245391,19.8627993207742,1.81949942455381,0.235927777167887,0.393223170483797,0.121471396567922,9.16033735508473,19.8627993207742,1.81949942455381
2020-06-01,34357,705,17291,29264.4285714286,613.571428571429,15124.4285714286,1534.57142857143,32,767.714285714284,NA,86480.5852865404,145881.07446403,7725.85678289336,4192.92207792208,142969.680794605,45376.1557230282,243339.200941125,74965.4285479477,40.026550145754,11.7371086893564,13074.526863358,3833.88381707491,2.05198358413133,4.81648032476198,0.483270364295154,1.34045762227577,19.8627993204493,1.84933464609705,0.249121229055548,0.415550550601378,0.128018523068566,9.31054388485142,19.8627993204493,1.84933464609705
2020-06-02,35812,755,18313,30914.1428571429,646.571428571429,15920.4285714286,1649.71428571429,33,796,NA,90194.6741806831,154186.622232631,8305.54776860157,4558.45887445888,149256.941120956,47217.8700829572,257394.743318758,79086.9785684567,40.0265501450967,11.7371086891637,14055.5423776334,4121.55002050902,2.10823187758293,4.78091857861157,0.489666346578942,1.35006468361465,19.8627993201232,1.90761230283182,0.263304619709171,0.439553211707509,0.135056897377883,9.60394490981113,19.8627993201232,1.90761230283182
2020-06-03,37525,792,19682,32569.5714285714,680.857142857143,16810.5714285714,1655.42857142857,34.2857142857143,890.142857142857,NA,93914.7439795787,162520.938784773,8334.31655214235,4579.96103896104,155555.114187219,49061.9766856315,271498.971330076,83222.8048274146,40.0265501444371,11.7371086889703,14104.2280113179,4135.82625895788,2.11059293804131,4.7429964671344,0.487321821989255,1.3317058031477,19.8627993197959,1.83539503330117,0.277537138837755,0.463639013309728,0.142119651231165,9.24036438719937,19.8627993197959,1.83539503330117
2020-06-04,40792,848,21311,34482.2857142857,719.571428571429,17802.1428571429,1912.71428571429,38.7142857142857,991.571428571431,NA,99033.2105024814,172150.569809841,9629.63102506721,4472.45021645022,164223.365225977,51597.4337571471,287795.269987882,88001.4187195532,40.0265501437756,11.7371086887763,16296.298657806,4778.6138921386,2.07883898803687,4.63790801528475,0.492592037851928,1.33694259907413,19.8627993194676,2.03664962846368,0.293981667541221,0.491468215730978,0.150280094046419,10.2535881130242,19.8627993194676,2.03664962846368
2020-06-05,43434,908,23088,36510,762,18944.2857142857,2027.71428571428,42.4285714285714,1142.14285714286,NA,104597.921518841,182359.172601092,10208.6027912516,4601.46320346319,173648.777275641,54352.8961519465,305071.367019231,93067.3419091968,40.0265501431126,11.7371086885819,17276.0970313489,5065.92318964365,2.0905281576645,4.63701089271588,0.497918468837449,1.34347128959933,19.8627993191386,2.04750939003228,0.311414906798885,0.520970620628563,0.158931175181801,10.3082619855041,19.8627993191386,2.04750939003228
2020-06-06,45973,952,24258,38653.7142857143,806.142857142857,20107.4285714286,2143.71428571428,44.1428571428571,1163.14285714286,NA,110271.876933739,193151.781695644,10792.6090945514,5074.51082251084,183258.075450304,57163.2897090709,323335.782410011,98423.072738072,40.0265501424484,11.7371086883871,18264.4153907794,5355.73082887515,2.07078067561395,4.68687707641196,0.492876633931392,1.32602449077763,19.862799318809,2.04948076703976,0.329845454093858,0.552160777589286,0.168077161057502,10.3181869561408,19.862799318809,2.04948076703976
2020-06-07,48285,998,24364,40882.5714285714,851.142857142857,21186.7142857143,2228.85714285714,45,1079.28571428571,NA,115986.591117668,204373.045663123,11221.263967479,5461.54978354977,192935.16319014,59994.7730097962,342325.61373959,103991.519518926,40.0265501417834,11.7371086881921,18989.8313295798,5568.44678085424,2.06689448068758,4.72778346466065,0.488322712401638,1.31215998479035,19.862799318479,2.02123805575654,0.349008015662627,0.584589727936434,0.17758640213674,10.1759979783619,19.862799318479,2.02123805575654
2020-06-08,50879,1080,26099,43242.8571428571,904.714285714286,22445,2360.28571428572,53.5714285714286,1258.28571428571,NA,122999.480826625,216255.991649135,11882.9459860127,4816.48484848485,204818.064455846,63463.9868073664,362435.214638996,109888.319782662,40.026550141118,11.737108687997,20109.6008994061,5896.80026373563,2.12268322883704,4.7275658970282,0.499408128192927,1.33896416337588,19.8627993181488,2.03496429201439,0.369300532150542,0.618930909685214,0.187656372724729,10.2451032240076,19.8627993181488,2.03496429201439
2020-06-09,52991,1162,29006,45697,962.857142857143,23972.5714285714,2454.14285714286,58.1428571428572,1527.57142857143,NA,130329.81122315,228611.464902804,12355.4732536682,4967,217240.645566449,67088.9284219687,383344.477068281,116019.607261926,40.0265501404526,11.7371086878019,20909.2624292846,6131.2874792639,2.19282519673152,4.78438331854481,0.508285969163461,1.36054526754697,19.8627993178186,1.99524651578572,0.390399983836276,0.654637674076456,0.198126777320657,10.0451426059952,19.8627993178186,1.99524651578572
2020-06-10,55421,1210,31505,48253.5714285714,1022.57142857143,25661.5714285714,2556.57142857143,59.7142857142857,1689,NA,137980.731153366,241482.618599254,12871.1536964503,5160.51948051949,230205.96061319,70872.8156483489,405126.429477658,122406.7963143,40.0265501397875,11.7371086876069,21781.9524093774,6387.18905237383,2.18328792335035,4.79113258947397,0.501071260125775,1.33800950248111,19.8627993174885,1.9616167652385,0.412380063431956,0.691834731853759,0.209034185240317,9.87583237914185,19.8627993174885,1.9616167652385
2020-06-11,58568,1284,33252,50793,1084.85714285714,27367.4285714286,2539.42857142857,62.2857142857143,1705.85714285714,NA,144876.206205435,254267.465945694,12784.8473464405,5827.08658008657,241891.544767239,74282.7560071626,426762.324987019,128751.156651631,40.0265501391231,11.737108687412,21635.8955093608,6344.36033733135,2.19232345308018,4.80386637230281,0.504980059176833,1.34427339339355,19.8627993171588,1.8404226073891,0.434212757603797,0.728782368144568,0.2198684545286,9.26567589515815,19.8627993171588,1.8404226073891
2020-06-12,61927,1354,35006,53434.8571428571,1148.57142857143,29070,2641.85714285714,63.7142857142858,1702.57142857143,NA,151726.876851824,267567.993734941,13300.5277892463,6386.14285714287,253499.723663326,77671.6140508057,449270.910476513,135351.418562084,40.0265501384599,11.7371086872176,22508.5854894936,6600.26191045303,2.18644533079271,4.86373672907656,0.50603959804748,1.34483201599649,19.8627993168297,1.82352727932895,0.456926079685624,0.767220297821506,0.231139727140634,9.1806157391961,19.8627993168297,1.82352727932895
2020-06-13,65736,1423,36850,56258.1428571429,1215.85714285714,30868.8571428571,2823.28571428571,67.2857142857142,1798.85714285714,NA,159229.358969064,281781.930397636,14213.9366626949,6644.16883116882,266212.253839755,81382.9918576425,473325.264828766,142404.951041316,40.0265501377982,11.7371086870235,24054.354352253,7053.53247923206,2.16471948399659,5.01095096792426,0.505000444134916,1.34547015120838,19.8627993165014,1.86076835652274,0.481199230840687,0.808297938237765,0.243185050270214,9.36810732390954,19.8627993165014,1.86076835652274
2020-06-14,70038,1480,38531,59365.7142857143,1284.71428571429,32892.7142857143,3107.57142857143,68.8571428571429,2023.85714285714,NA,168032.503645565,297427.114035175,15645.1836375399,6773.18181818182,281126.399775811,85739.4514070984,499801.729446141,150168.726380246,40.0265501371385,11.7371086868301,26476.4646173752,7763.77533892955,2.11313858191268,4.95321080199825,0.497600901249698,1.32772846543807,19.862799316174,1.95163219089877,0.507916523614293,0.853511818316176,0.25644325570674,9.82556466900023,19.862799316174,1.95163219089877
2020-06-15,73533,1568,39867,62602,1354.42857142857,34859.5714285714,3236.28571428572,69.7142857142856,1966.85714285714,NA,176192.67815564,313720.314519276,16293.200484101,8063.31168831169,294947.10169396,89780.7291983494,527374.837957697,158254.073988897,40.026550136481,11.7371086866373,27573.1085115555,8085.34760865165,2.13237594005413,4.94262880497964,0.49980824557144,1.33544956589107,19.8627993158477,1.92598791455095,0.535740435281796,0.900598438061182,0.27025061036881,9.69645760826646,19.8627993158477,1.92598791455095
2020-06-16,76334,1625,42063,65936.7142857143,1420.57142857143,36724.8571428571,3334.71428571429,66.1428571428573,1865.28571428572,NA,184163.897124725,330509.057297885,16788.7427786082,8751.38095238095,308442.395333949,93732.3416190981,555786.55650611,166585.329803846,40.0265501358264,11.7371086864453,28411.7185484139,8331.25581494847,2.12880236853827,4.85831541919093,0.491665799807538,1.31080807835789,19.8627993155229,1.8926520211241,0.56441058492712,0.949117152845576,0.284477902674008,9.52862681602346,19.8627993155229,1.8926520211241
2020-06-17,80412,1674,44331,69506.8571428571,1486.85714285714,38557.1428571429,3570.14285714286,66.2857142857142,1832.28571428571,NA,193083.723303935,348483.073953286,17974.0166554011,8987.90476190476,323542.035241624,98155.4111086741,586204.123153712,175504.76664036,40.0265501351748,11.7371086862543,30417.5666476019,8919.43683651483,2.08177883897926,4.80142455793956,0.48036766348784,1.27892576472905,19.8627993151995,1.93856825975139,0.595104827732156,1.0010612560541,0.299709632186281,9.759793822797,19.8627993151995,1.93856825975139
2020-06-18,83890,1737,44920,73124.2857142857,1551.57142857143,40224,3617.42857142857,64.7142857142858,1666.85714285714,NA,201856.143633696,366695.152291705,18212.0783384193,9374.94372294375,338389.350964517,102507.418834077,617024.56341873,184542.339349651,40.0265501345267,11.7371086860642,30820.4402650172,9037.57270929078,2.07056860174037,4.74733478741679,0.473690472629488,1.25728150492949,19.8627993148779,1.87350259671285,0.62620560866616,1.05369334686549,0.315143102424208,9.43221832829041,19.8627993148779,1.87350259671285
2020-06-19,87715,1831,47825,76808.2857142857,1619.71428571429,42055.2857142857,3684,68.1428571428571,1831.28571428572,NA,210745.270074046,385242.386957163,18547.2346654575,9589.96536796537,353435.553951482,106916.333351199,648412.191314119,193746.230236269,40.0265501338824,11.7371086858753,31387.6278953897,9203.89088661803,2.08744228467195,4.71436471669321,0.475285187194004,1.25513196741053,19.8627993145582,1.82506211217414,0.657878736331392,1.10729402445281,0.330860594348308,9.18834291172962,19.8627993145582,1.82506211217414
2020-06-20,92681,1877,50326,80657.5714285714,1684.57142857143,43980.4285714286,3849.28571428572,64.8571428571429,1925.14285714286,NA,219932.265176617,404621.758683111,19379.3717259479,10127.5194805195,368981.095114075,111476.516742594,681208.051158031,203363.061318319,40.0265501332425,11.7371086856876,32795.8598439118,9616.83108204935,2.02522631391547,4.70393004739034,0.463890030558149,1.21735593712407,19.8627993142406,1.82651108207903,0.690972905129024,1.16329954087957,0.347283264578712,9.19563780441619,19.8627993142406,1.82651108207903
2020-06-21,97302,1930,51608,84552.4285714286,1748.85714285714,45848.5714285714,3894.85714285713,64.2857142857142,1868.14285714286,NA,229112.738946258,424230.561457081,19608.8027739702,10364.0432900433,384514.116658303,116034.543468237,714392.178929365,213093.745401642,40.0265501326071,11.7371086855013,33184.1277713343,9730.68408332358,1.98351524120779,4.66051203959265,0.45494129262426,1.18753928843341,19.8627993139253,1.77093485504433,0.724458873513249,1.21996810276056,0.363900361671636,8.91583722753153,19.8627993139253,1.77093485504433
2020-06-22,101590,1991,53444,88560.5714285714,1809.28571428571,47788.1428571429,4008.14285714287,60.4285714285713,1939.57142857143,NA,238738.398003215,444409.705362522,20179.1439054413,10493.0562770563,400797.264952493,120815.864074375,748541.499384727,223107.455911109,40.0265501319768,11.7371086853165,34149.3204553621,10013.7105094671,1.95983856678807,4.43539349452274,0.448010017777597,1.15654569264527,19.8627993136125,1.74941946670877,0.75891881390978,1.27828492497008,0.381000783221794,8.80751720670346,19.8627993136125,1.74941946670877
2020-06-23,106108,2102,55045,92814,1877.42857142857,49642.7142857143,4253.42857142857,68.1428571428571,1854.57142857143,NA,250128.796915347,465823.749296299,21414.0439337772,9955.50216450219,420074.709265332,126467.234963102,784780.650657274,233733.973953435,40.0265501313517,11.7371086851332,36239.1512725462,10626.5180423255,1.98100049006672,4.32248600503884,0.45124363091736,1.15267028799154,19.8627993133024,1.78162734009762,0.79548759408522,1.34017055295928,0.399147696692313,8.96966894009604,19.8627993133024,1.78162734009762
2020-06-24,111796,2205,56874,97297.4285714286,1953.28571428571,51434.5714285714,4483.42857142857,75.8571428571429,1791.85714285714,NA,262647.922910002,488395.736762816,22571.9874665166,9977.00432900432,441267.548860683,132674.911879891,822979.398677532,244935.110590954,40.0265501307324,11.7371086849516,38198.7480202587,11201.1366375195,1.97234248094744,4.24876713350383,0.451478142420976,1.14158926241462,19.862799312995,1.79244798098708,0.834033795369688,1.40540258590223,0.418275886803403,9.02414585800602,19.862799312995,1.79244798098708
2020-06-25,118375,2292,59974,102223.857142857,2032.57142857143,53585.1428571429,4926.42857142858,79.2857142857144,2150.57142857143,NA,277630.444077292,513198.024163872,24802.2874010563,9740.48051948054,466632.672594338,140102.506701897,864952.500433166,257243.012609524,40.026550130119,11.7371086847717,41973.1017556337,12307.9020185693,1.93621964097149,4.20952972677111,0.446611228430632,1.12147861405266,19.8627993126907,1.87567771928115,0.876388681659367,1.47708008577707,0.439294101052416,9.44316906307879,19.8627993126907,1.87567771928115
2020-06-26,124590,2340,64111,107491.714285714,2105.28571428571,55911.7142857143,5267.85714285714,72.7142857142856,2326.57142857143,NA,293822.419534508,539719.246374335,26521.2222104631,10256.5324675324,494037.642049408,148135.319442213,909834.568789335,270403.919871859,40.026550129512,11.7371086845938,44882.0683561686,13160.9072623352,1.87816036600048,4.13782840520787,0.43355874664826,1.08205094441801,19.8627993123894,1.89743497301699,0.921678994315756,1.5537252302725,0.461768993047316,9.55270676406067,19.8627993123894,1.89743497301699
2020-06-27,131800,2413,67094,113080.142857143,2181.85714285714,58307.1428571429,5588.42857142857,76.5714285714284,2395.42857142857,NA,312119.016382406,567854.397334787,28135.150960452,9761.9826839827,525009.223528268,157208.932485961,957447.901183946,284365.724107873,40.0265501289117,11.7371086844177,47613.3323946111,13961.8042360137,1.83080424886191,4.11741077325799,0.424932872110415,1.05550261926973,19.8627993120915,1.9019748660341,0.969725414406112,1.63503455657925,0.485611577453056,9.57556302375614,19.8627993120915,1.9019748660341
2020-06-28,138134,2456,68925,118913.285714286,2257,60781,5833.14285714286,75.1428571428573,2473.85714285714,NA,331735.073609932,597221.571445429,29367.1741106422,9675.97402597399,558213.144550673,166937.747135925,1007146.19583272,298938.908253003,40.0265501283182,11.7371086842437,49698.294648779,14573.1841451307,1.77798369698988,4.07246350661302,0.411237657416803,1.01705042551149,19.862799311797,1.86888415956179,1.01987576142824,1.7199043746167,0.510498215824938,9.40896663427315,19.862799311797,1.86888415956179
2020-06-29,144264,2529,70614,125009.571428571,2333.85714285714,63233.8571428571,6096.28571428572,76.8571428571427,2452.85714285714,NA,353254.777470039,627913.548032809,30691.9765873799,9095.4155844156,594642.47855569,177608.421876386,1059086.46390368,314169.513176064,40.026550127732,11.7371086840718,51940.2680709509,15230.6049230607,1.75303610048245,3.9848674068726,0.402762451602311,0.994621938986145,19.8627993115061,1.83769706563702,1.07228847471324,1.80860281248363,0.536507532191935,9.25195405278999,19.8627993115061,1.83769706563702
2020-06-30,151209,2657,73543,131452.571428571,2413.14285714286,65876.4285714286,6442.99999999999,79.2857142857147,2642.57142857142,NA,375356.481809837,660351.070554425,32437.5225216158,10256.5324675324,632053.077108754,188570.571613214,1113980.73278641,330266.328863482,40.0265501271534,11.7371086839021,54894.2688827342,16096.8156874183,1.75717053879068,3.89675401221254,0.402361731278667,0.993018620393024,19.862799311219,1.82389606883837,1.1276820582044,1.9023457999302,0.563996077383032,9.18247242229216,19.862799311219,1.82389606883837
2020-07-01,159333,2749,76025,138243.571428571,2490.85714285714,68612.2857142857,6791,77.7142857142853,2735.85714285714,NA,398050.659605637,694540.61198659,34189.5414321644,11417.6493506494,670459.894477472,199831.408500067,1171839.95674853,347232.567468917,40.0265501265825,11.7371086837347,57859.2239621244,16966.2386054349,1.72531741698204,3.78918270484535,0.395801188952372,0.975577105359722,19.8627993109357,1.80921346200196,1.18606756580858,2.00115204356805,0.592969336795635,9.10855229335976,19.8627993109357,1.80921346200196
2020-07-02,168061,2844,81999,145341.571428571,2569.71428571429,71758.7142857143,7098,78.8571428571431,3146.42857142858,NA,421773.245485816,730275.756308326,35735.1443217369,11933.7012987013,710605.512340631,211603.734683356,1232314.81636994,364965.79698196,40.0265501260196,11.7371086835696,60474.8596214009,17733.2295130424,1.69224269759195,3.6690286497534,0.389441930042553,0.956200650779825,19.8627993106563,1.78319011117582,1.24709250071954,2.10442501034044,0.623252387202578,8.97753676809403,19.8627993106563,1.78319011117582
2020-07-03,177124,2952,86298,152846.428571429,2657.14285714286,74928.2857142857,7504.85714285716,87.4285714285716,3169.57142857142,NA,448524.696884354,768059.238009895,37783.4817015687,10944.6017316017,755887.38613596,224871.478556745,1296256.09309567,383715.494668452,40.026550125465,11.737108683407,63941.2767257316,18749.6976864928,1.66662902825139,3.61353794506257,0.384345354356895,0.940965523550313,19.8627993103811,1.77935827435797,1.31161538303361,2.21361758041041,0.655271261132869,8.95824524337672,19.8627993103811,1.77935827435797
2020-07-04,187977,3026,91227,160871.714285714,2744.71428571429,78375.8571428571,8025.28571428571,87.5714285714284,3447.57142857143,NA,477315.563934505,808462.836661777,40403.5986518823,11525.1601731601,804618.007297753,239153.134386143,1364631.41389116,403765.400766379,40.0265501249188,11.7371086832469,68375.320795493,20049.9060979265,1.6097714082042,3.59566416762424,0.374290550261364,0.915557360133914,19.8627993101101,1.78926283657018,1.38061264118656,2.33038217113078,0.689510502020797,9.00811012917306,19.8627993101101,1.78926283657018
2020-07-05,196750,3199,93315,169245.428571429,2850.85714285714,81860.1428571429,8373.71428571429,106.142857142857,3484.28571428571,NA,508057.057770587,850620.611883141,42157.7752213634,11310.1385281386,856663.535328046,254392.695237131,1435975.34118885,424685.800500289,40.0265501243814,11.7371086830893,71343.927297692,20920.3997339096,1.62592121982211,3.54531306628009,0.376078354475553,0.9179785875135,19.8627993098434,1.75433506018517,1.45260550808845,2.45221625358013,0.725236285596171,8.83226494310337,19.8627993098434,1.75433506018517
2020-07-06,205721,3310,97848,178025,2962.42857142857,85750.7142857143,8779.57142857142,111.571428571429,3890.57142857143,NA,540578.399904092,894821.689947382,44201.0780642407,11568.1645021645,911723.685751779,270513.61797148,1510777.16560526,446620.170066002,40.0265501238528,11.7371086829343,74801.8244164074,21934.3695657135,1.60897526261296,3.53132503448393,0.36990609829704,0.902657147037194,19.8627993095811,1.7280679983903,1.52808772491061,2.57995538974072,0.762693626274838,8.70002244594342,19.8627993095811,1.7280679983903
2020-07-07,215855,3502,102299,187260.142857143,3083.14285714286,89858.7142857143,9235.14285714287,120.714285714286,4108,NA,575018.653642585,941316.35927029,46494.6693229087,11933.7012987013,970035.873397141,287583.400170389,1589460.45215172,469692.712737521,40.0265501233333,11.737108682782,78683.2865464611,23072.5426715187,1.62238539760487,3.51495508994226,0.37203220421185,0.909038080586238,19.8627993093233,1.70838177391822,1.60748670938348,2.71432290192556,0.802094626088441,8.60091141842843,19.8627993093233,1.70838177391822
2020-07-08,224665,3602,106842,196593.285714286,3205,94261.1428571429,9333.14285714284,121.857142857143,4402.42857142857,NA,610187.672969697,988304.413229437,46988.0539591466,11697.1774891774,1029583.23577489,305013.45809641,1668978.69731335,493010.092897699,40.0265501228231,11.7371086826323,79518.2451616328,23317.380160178,1.60327598869428,3.45809820783116,0.364462604009822,0.890214112983725,19.8627993090701,1.62310262437486,1.68772824719939,2.85011627361403,0.841913735079795,8.17157037628088,19.8627993090701,1.62310262437486
2020-07-09,238339,3720,113061,206633,3330.14285714286,98698.5714285714,10039.7142857143,125.142857142857,4437.42857142858,NA,648738.649336965,1038849.72725904,50545.3140296062,11869.1948051949,1094855.39358324,324120.700933873,1754516.92105576,518092.729934947,40.0265501223222,11.7371086824854,85538.2237424105,25082.6370372482,1.56080205086033,3.42248140546223,0.358088364696889,0.876881662467486,19.8627993088215,1.64534859216332,1.77404452091972,2.99618996760229,0.884747374670338,8.28356852632065,19.8627993088215,1.64534859216332
2020-07-10,250687,3860,118232,217142,3459.85714285714,103260.571428571,10509,129.714285714285,4562,NA,688357.560744542,1091757.67762766,52907.9503686158,13159.3246753247,1161932.05684441,343759.911535699,1844053.45244881,544347.8030502,40.0265501218308,11.7371086823414,89536.5313930421,26255.0731152528,1.53976871556961,3.40570641092346,0.353558310520665,0.868567889814929,19.8627993085777,1.61991273559206,1.8643954706304,3.14909157480498,0.929583184301202,8.15551076272235,19.8627993085777,1.61991273559206
2020-07-11,264184,3971,127715,228028.714285714,3594.85714285714,108473.142857143,10886.7142857143,135,5212.57142857142,NA,729851.30085807,1146567.24458101,54809.5669533545,13180.8268398268,1232185.06758598,364326.897499663,1936808.10421602,571546.535523293,40.026550121349,11.7371086822001,92754.6517672155,27198.7324730933,1.50311903824607,3.38792281718357,0.346338168892232,0.85246834365977,19.8627993083386,1.58154931508687,1.95799381252354,3.30748876877798,0.976030481782005,7.96236869891737,19.8627993083386,1.58154931508687
2020-07-12,276242,4079,134874,239384.714285714,3720.57142857143,114410.142857143,11356,125.714285714286,5937,NA,770921.681639693,1203739.44787346,57172.203292446,15976.1082251082,1301702.33835928,384697.828671639,2033561.06363401,599917.704074432,40.0265501208769,11.7371086820617,96752.9594179858,28371.1685511386,1.47660384735124,3.32800049068967,0.338860706709081,0.835183375480798,19.8627993081043,1.55593337828301,2.05562683040716,3.47271387596564,1.0244799493032,7.83340431471861,19.8627993081043,1.55593337828301
2020-07-13,287796,4172,138241,251109.714285714,3843.71428571429,120180.571428571,11725,123.142857142857,5770.42857142858,NA,813035.295788895,1262769.395356,59029.9474825356,16793.1904761905,1372979.54252387,405590.484672639,2133457.89783522,629210.7607199,40.0265501204147,11.7371086819261,99896.8342012139,29293.0566454688,1.44963793798385,3.24706592246191,0.330384947191712,0.812941555415618,19.862799307875,1.52090676412666,2.15643231954934,3.64330778066779,1.07450372587,7.65706152627376,19.862799307875,1.52090676412666
2020-07-14,298292,4346,146279,262886.428571429,3964.28571428571,126463.428571429,11776.7142857143,120.571428571428,6282.85714285713,NA,854035.700329163,1322059.70032916,59290.3049731683,18169.329004329,1442364.74361399,425936.622049228,2233795.33702058,658633.017323127,40.0265501199623,11.7371086817935,100337.439185361,29422.2566032263,1.45696163490808,3.18186508892023,0.328729481650333,0.805233467065528,19.8627993076505,1.44848745794006,2.25768242138922,3.81465410685836,1.12474813730933,7.29246384262302,19.8627993076505,1.44848745794006
2020-07-15,311049,4453,160693,275227,4085.85714285714,134156.428571429,12340.5714285714,121.571428571428,7693.00000000001,NA,897701.847258227,1384188.76500715,62129.0646779817,18341.3463203463,1516261.10215328,447605.680997915,2338936.83109101,689463.981749794,40.0265501195198,11.7371086816637,105141.49407043,30830.9644266675,1.43160723873088,3.1000433557338,0.321704677322461,0.784179892046282,19.8627993074309,1.44497137842993,2.36378027547698,3.99420432146841,1.1773982002401,7.27476200983587,19.8627993074309,1.44497137842993
2020-07-16,324221,4669,165591,287495.857142857,4221.42857142857,141660.714285714,12268.8571428572,135.571428571429,7504.28571428571,NA,940498.396172464,1445956.78145385,61768.016446704,18835.8961038961,1588693.25086529,468837.81268253,2443467.32046236,720115.779385001,40.0265501190873,11.7371086815369,104530.489371345,30651.7976352066,1.44006711471496,3.05603875326029,0.322900384014626,0.781786898403523,19.8627993072163,1.366696212478,2.46926156720767,4.17271112285881,1.22974229989593,6.8806827829704,19.8627993072163,1.366696212478
2020-07-17,337594,4804,178183,299911.142857143,4356.28571428571,150225.142857143,12415.2857142857,134.857142857143,8564.42857142858,NA,983344.7901842,1508461.99797641,62505.2165225584,19523.9653679653,1661206.09347856,490097.34225656,2549245.37919284,751133.405629278,40.0265501186648,11.737108681413,105778.058730484,31017.626244277,1.42301107247167,3.01966236502919,0.318470071267592,0.765073474692568,19.8627993070066,1.32007516100277,2.57600177610517,4.35334839945458,1.28271112536387,6.64596736974089,19.8627993070066,1.32007516100277
2020-07-18,350879,4948,182230,312296.142857143,4495.85714285714,158013,12385,139.571428571428,7787.85714285713,NA,1025238.41527214,1570814.73994747,62352.7419710618,20319.5454545455,1732106.1623087,510884.357069268,2654765.40406695,782075.367810406,40.0265501182523,11.737108681292,105520.024874104,30941.9621811283,1.4101727376104,2.97327351074152,0.314995770931298,0.749298399084248,19.8627993068019,1.25947685156258,2.68248160408755,4.53354503142476,1.33555073924986,6.34088293276887,19.8627993068019,1.25947685156258
2020-07-19,364328,5033,191059,324879.857142857,4632.14285714286,166039.428571429,12583.7142857143,136.285714285714,8026.42857142858,NA,1069533.40121118,1634167.9163627,63353.1764152278,18921.9047619047,1807074.22642532,532860.002078758,2761978.47184656,813513.786181873,40.0265501178498,11.737108681174,107213.067779616,31438.4183714666,1.38144748687995,2.90720871203257,0.307985486044933,0.724651649326041,19.8627993066022,1.22739395070848,2.79066987478078,4.71663287413639,1.38923815177432,6.17936037818199,19.8627993066022,1.22739395070848
2020-07-20,373628,5173,194865,337141.571428571,4775.14285714286,174128.571428571,12261.7142857143,143,8089.14285714284,NA,1112587.59088026,1695899.97183264,61732.0554699402,18534.8658008658,1879948.91004111,554215.235835055,2866448.10418031,844147.738520339,40.0265501174573,11.7371086810589,104469.632333745,30633.9523384665,1.38453220850686,2.84131527073078,0.305029782765425,0.708362554187809,19.8627993064074,1.1464545450939,2.89608975592231,4.89503574991437,1.44155177700245,5.77186793792811,19.8627993064074,1.1464545450939
2020-07-21,381798,5368,208144,349071,4921.14285714286,182966.428571429,11929.4285714286,146,8837.85714285716,NA,1154352.91475487,1755959.12254708,60059.1507144435,18147.8268398269,1950646.29330145,574928.075394746,2968086.66692783,873951.52759668,40.0265501170747,11.7371086809467,101638.562747519,29803.7890763403,1.40597907794174,2.77836027706175,0.305701877172034,0.69890442486037,19.8627993062175,1.07222376674428,2.99865281625749,5.0686040058662,1.49244773175524,5.39815033052148,19.8627993062175,1.07222376674428
2020-07-22,394948,5940,229175,361056.571428571,5133.57142857143,192749.571428571,11985.5714285714,212.428571428572,9783.14285714284,NA,1196183.94820424,1816300.92655922,60341.8040121426,18298.341991342,2021500.17408391,595640.562455552,3070203.5660253,903895.580715487,40.026550116702,11.7371086808374,102116.899097472,29944.0531188076,1.50399546269382,2.73095720677074,0.327038317997924,0.734727649885163,19.8627993060326,1.03829351313523,3.10169856385815,5.2429891171904,1.543583215527,5.22732720997687,19.8627993060326,1.03829351313523
2020-07-23,408052,6093,236260,373032.428571429,5337,202845.142857143,11975.8571428572,203.428571428572,10095.5714285714,NA,1235867.86260113,1876593.82364009,60292.8970808687,20405.5541125541,2088704.54570061,615299.148332417,3172237.69954677,933815.364229302,40.0265501163392,11.737108680731,102034.13352147,29919.7835138147,1.49319204415124,2.71257941550191,0.324684005843161,0.716300535736026,19.8627993058525,1.00117186533096,3.20466079305266,5.41723288967341,1.59467725407465,5.04043689696577,19.8627993058525,1.00117186533096
2020-07-24,421996,6343,245771,385089.857142857,5556.85714285714,212500.571428571,12057.4285714286,219.857142857143,9655.42857142855,NA,1276053.53363302,1937297.39510488,60703.5714647849,20298.0432900434,2156769.91206226,635198.090348239,3274966.82048717,963938.941046413,40.0265501159861,11.7371086806275,102729.120940404,30123.5768171111,1.50309481606461,2.70116183707893,0.327414883023503,0.708856308609706,19.8627993056773,0.975624412662351,3.3083243312253,5.59266349273481,1.64611931061145,4.91181729873792,19.8627993056773,0.975624412662351
2020-07-25,434200,6655,263054,396992.857142857,5800.71428571429,224046.857142857,11903,243.857142857142,11546.2857142857,NA,1314728.1568648,1997223.49019813,59926.0950932526,21007.6147186147,2222291.47225671,654337.473735009,3376380.21218345,993676.70252126,40.0265501156427,11.7371086805268,101413.391696275,29737.7614748473,1.53270382312298,2.68731986088545,0.333212584002795,0.706988669054787,19.8627993055069,0.932797856102836,3.41066017236837,5.7658472239,1.69690250997568,4.69620541096256,19.8627993055069,0.932797856102836
2020-07-26,445433,6769,265077,408579.285714286,6048.71428571429,234620.857142857,11586.4285714286,248,10574,NA,1352299.39642174,2055555.79469014,58332.3044920103,20513.0649350649,2285950.9106278,672925.571130614,3475096.41978531,1022623.56038948,40.026550115309,11.7371086804289,98716.2076018634,28946.8578682157,1.51964492976497,2.6923260346357,0.329302664393032,0.684910429356604,19.8627993053413,0.881279412432982,3.5102742960104,5.93442497160189,1.74633508261007,4.43683389508551,19.8627993053413,0.881279412432982
2020-07-27,452529,7067,274925,419850.857142857,6319.28571428571,246058,11271.5714285714,270.571428571429,11437.1428571429,NA,1387252.30285226,2112302.93921589,56747.144525755,21523.6666666666,2345190.30173,690206.357135877,3571130.04898274,1050783.79752256,40.0265501149847,11.7371086803339,96033.6291974317,28160.2371330814,1.56166787100937,2.65138551151331,0.334563753560052,0.680271632610999,19.8627993051804,0.833511533236631,3.60718144069375,6.09842167798911,1.79442434237775,4.19634473519038,19.8627993051804,0.833511533236631
2020-07-28,459761,7257,287313,430988.428571429,6589.14285714286,257367.857142857,11137.5714285714,269.857142857142,11309.8571428571,NA,1421079.75014307,2168375.45577077,56072.5165548762,21975.2121212122,2402522.49824411,706930.515727018,3666022.00007561,1078609.25686558,40.0265501146698,11.7371086802415,94891.9510928672,27825.4593430213,1.57842879235081,2.62843420565999,0.334674513156229,0.664707942862297,19.8627993050241,0.802851176404108,3.70293652264465,6.26046873975217,1.84194190184211,4.04198403128172,19.8627993050241,0.802851176404108
2020-07-29,471123,7497,297967,441870.571428571,6811.57142857143,267195.285714286,10882.1428571428,222.428571428572,9827.42857142861,NA,1443670.1548931,2223162.00770695,54786.5519361785,31973.7186147186,2440759.33705185,718135.754174402,3758737.70335222,1105796.56835271,40.0265501143642,11.7371086801519,92715.7032766095,27187.3114871264,1.59130418171051,2.57834366523765,0.337222387482803,0.65386483308614,19.8627993048725,0.765765810162286,3.79649556177431,6.4187994213562,1.88836969569592,3.85527637915204,19.8627993048725,0.765765810162286
2020-07-30,482169,7812,309601,452458.714285714,7057.14285714286,277672.571428571,10588.1428571428,245.571428571428,10477.2857142857,NA,1466111.89924277,2276468.40573627,53306.3980293251,30619.0822510823,2478766.84946778,729251.029028911,3848948.53078646,1132249.36737478,40.0265501140678,11.737108680065,90210.8274342418,26452.7990220708,1.62017881697081,2.5546958308812,0.343163119695192,0.648977651584051,19.8627993047254,0.733418421505428,3.88752694087801,6.57285252445477,1.93354316201806,3.69242225093116,19.8627993047254,0.733418421505428
2020-07-31,493183,8005,326171,462628.285714286,7294.57142857143,289158.285714286,10169.5714285715,237.428571428572,11485.7142857143,NA,1483981.72414626,2327667.49038002,51199.08464375,33091.8311688312,2509020.25644731,738109.909915499,3935593.13556819,1157656.43193483,40.0265501137803,11.7371086799807,86644.604781731,25407.0645600567,1.62312975102548,2.53463266639266,0.343906508686645,0.633924137648526,19.8627993045827,0.693642240977535,3.9749596592058,6.72081558624027,1.97693082675215,3.49216759445127,19.8627993045827,0.693642240977535
2020-08-01,503290,8153,342461,472498.285714286,7508.57142857143,300502.142857143,9870,214,11343.8571428571,NA,1496754.41051405,2377358.37155301,49690.8811729853,36704.1948051946,2530614.90150929,744463.276297796,4019685.39601478,1182315.06469737,40.0265501135017,11.737108679899,84092.2604465904,24658.6327625338,1.6199407896044,2.51718833511171,0.342943667961766,0.616689246179283,19.8627993044445,0.665102530845276,4.05981681724463,6.86442000753674,2.01904039389924,3.34848336502073,19.8627993044445,0.665102530845276
2020-08-02,511485,8366,347227,481934.285714286,7736.71428571429,312237.857142857,9436,228.142857142857,11735.7142857143,NA,1506704.40215323,2424864.26362509,47505.8920720816,37327.7575757576,2547439.60164593,749410.869356123,4100079.98259831,1205889.41715419,40.0265501132319,11.7371086798199,80394.5865835231,23574.3524568228,1.63562958835547,2.48729759160592,0.345009002173718,0.604397334489044,19.8627993043105,0.630430746569675,4.14094266762555,7.00170990818138,2.05929833468977,3.17392698083088,19.8627993043105,0.630430746569675
2020-08-03,516862,8539,358037,491124.714285714,7947,324111,9190.42857142852,210.285714285715,11873.1428571428,NA,1512038.57047648,2471133.81722972,46269.5536046326,40725.0995670997,2556424.91946768,752088.269748539,4178382.30408307,1228850.24826626,40.0265501129705,11.7371086797432,78302.3214847627,22960.8311120733,1.65208508267197,2.45110588148208,0.34554988242493,0.590543238188239,19.8627993041809,0.60996892043545,4.21995722180392,7.1354268460217,2.0985085645828,3.07091115805521,19.8627993041809,0.60996892043545
2020-08-04,521318,8884,363751,499918.571428571,8179.42857142857,335030.714285714,8793.85714285716,232.428571428572,10919.7142857143,NA,1515461.55319556,2515406.81726483,44273.0000351043,40617.5887445887,2562191.74736592,753805.747746626,4253305.84260402,1250820.30843406,40.0265501127176,11.7371086796691,74923.5385209471,21970.0601677962,1.70414219344047,2.42285958027352,0.353183426991749,0.588944236707178,19.8627993040554,0.58158947258673,4.295562259834,7.26337383345722,2.13602685413156,2.92803377503478,19.8627993040554,0.58158947258673
2020-08-05,529877,9298,377266,508312,8436.71428571429,346359.142857143,8393.42857142858,257.285714285715,11328.4285714286,NA,1523982.42488814,2557663.84480156,42257.0275367294,33478.8701298701,2576635.81594456,758016.590627366,4324817.73535848,1271789.96119665,40.0265501124729,11.7371086795973,71511.8927544644,20969.6527625874,1.75474685634591,2.40445118850495,0.363534872610337,0.59192212573145,19.8627993039339,0.553852953784649,4.36772461999526,7.38549475065319,2.17183674714391,2.78839324215283,19.8627993039339,0.553852953784649
2020-08-06,538184,9604,387316,516314.142857143,8692.71428571429,357461.285714286,8002.14285714284,256,11102.1428571429,NA,1527051.28920072,2597950.92989336,40287.0850918042,36962.2207792208,2581836.49840761,759534.232208906,4392995.87936,1291782.04853544,40.0265501122363,11.7371086795279,68178.1440015147,19992.0873387901,1.78451979248733,2.38595833581671,0.369675958444458,0.587699703551666,19.8627993038165,0.525081046262652,4.43652290784726,7.50192262240273,2.20597725089002,2.64354000635941,19.8627993038165,0.525081046262652
2020-08-07,545476,9909,394759,523784.571428571,8964.71428571429,367259.571428571,7470.42857142858,272,9798.28571428568,NA,1528652.84159225,2635561.07968748,37610.1497941227,35736.5974025973,2584570.75190536,760311.571848953,4456643.82516543,1310445.73189192,40.0265501120075,11.7371086794609,63647.9458054379,18663.6833564818,1.81657854791045,2.39936896745273,0.375973073679437,0.584291536327585,19.862799303703,0.489206133965616,4.50074979112255,7.61061427102246,2.23784923807926,2.46292642952473,19.862799303703,0.489206133965616
2020-08-08,553188,10210,404568,530912.857142857,9258.57142857143,376132,7128.28571428574,293.857142857143,8872.42857142858,NA,1532036.36091176,2671448.69857409,35887.6188866096,32210.2424242424,2590351.99339112,761950.382725016,4517376.71866585,1328254.62547475,40.0265501117865,11.737108679396,60732.8935004165,17808.893582829,1.84566548804385,2.42499212373334,0.382189633866062,0.581448615112978,19.8627993035933,0.466311612708354,4.56203510697148,7.71432788245911,2.26826150007948,2.3476631129164,19.8627993035933,0.466311612708354
2020-08-09,559859,10408,411474,537823.428571429,9550.28571428571,385310.142857143,6910.57142857136,291.714285714284,9178.14285714284,NA,1532197.21815429,2706240.2268123,34791.528238208,34338.9567099568,2590668.22432905,761998.181915189,4576254.68953051,1345519.59437491,40.0265501115729,11.7371086793334,58877.9708646601,17264.9689001632,1.85903950816188,2.41811218547396,0.384592612912995,0.573032796922962,19.8627993034873,0.451070980357192,4.62144862793208,7.81487384100781,2.29774490145842,2.27093358394592,19.8627993034873,0.451070980357192
2020-08-10,563598,10621,417200,544500,9847.71428571429,393762,6676.57142857148,297.428571428572,8451.85714285716,NA,1533862.0499927,2739853.67336932,33613.4465570203,31651.1861471862,2593545.96172591,762780.440034785,4633138.98370393,1362199.95131298,40.0265501113668,11.737108679273,56884.2941734185,16680.3569380702,1.88449923527053,2.41334787863171,0.38764843915693,0.565972234705435,19.862799303385,0.435751439399776,4.67885033785122,7.9120151962556,2.32622996051605,2.19380678666886,19.862799303385,0.435751439399776
2020-08-11,566109,10751,426125,550898.714285714,10114.4285714286,402672.571428571,6398.71428571432,266.714285714284,8910.57142857142,NA,1530825.87852497,2772068.23783233,32214.5644630045,34984.0216450216,2588431.56165964,761256.496728564,4687655.93894901,1378186.12615928,40.0265501111678,11.7371086792146,54516.9552450851,15986.174846303,1.89910423611001,2.39680674021284,0.387833165622465,0.554948353678966,19.8627993032863,0.417163609311654,4.73386317568504,8.00511384489745,2.35352956425313,2.10022566652313,19.8627993032863,0.417163609311654
2020-08-12,568919,11010,432029,556476.142857143,10359,410495.857142857,5577.42857142852,244.571428571429,7823.28571428574,NA,1519935.67989296,2800148.00889729,28079.7710649604,38725.3982683984,2569993.19254613,755858.742949844,4735175.55152048,1392120.44864265,40.0265501109758,11.7371086791583,47519.6125714714,13934.3224833638,1.9352491303683,2.3857669276831,0.3931935013798,0.551265296749929,19.862799303191,0.364341147686895,4.781815023483,8.08626312578629,2.3773252180476,1.8342890239102,19.862799303191,0.364341147686895
2020-08-13,572865,11270,437617,561430.571428571,10597,417681.714285714,4954.42857142864,238,7185.8571428571,NA,1506109.05555691,2825091.26334912,24943.2544518313,38531.8787878789,2546581.82828512,749006.47824173,4777387.21290051,1404498.30423529,40.0265501107905,11.737108679104,42211.6613800228,12377.8555926383,1.96730468784094,2.37903343488246,0.398925165576404,0.548270206486848,19.8627993030991,0.325963041735201,4.8244106393195,8.15834801412499,2.39846289207173,1.64107302577356,19.8627993030991,0.325963041735201
2020-08-14,579140,11556,461734,566239.714285714,10832.2857142857,427249.571428571,4809.14285714284,235.285714285714,9567.85714285716,NA,1489145.45676378,2849303.0714824,24211.8081332776,40940.1212121211,2517848.78197587,740606.946939447,4818361.04204913,1416513.18646684,40.0265501106119,11.7371086790516,40973.8291486232,12014.8822315512,1.9953724488034,2.3937218861743,0.405572861506368,0.547080619235879,19.8627993030104,0.31930907277626,4.86575716368518,8.22831905535922,2.41898071619305,1.60757337219016,19.8627993030104,0.31930907277626
2020-08-15,583653,11677,466941,570591.857142857,11041.8571428571,436160,4352.14285714284,209.571428571429,8910.42857142858,NA,1466616.95763295,2871214.09616109,21911.0246786913,44229.9523809524,2479665.27795226,729469.850700516,4855441.23765922,1427386.32653295,40.0265501104398,11.7371086790011,37080.195610093,10873.1400661177,2.00067505863929,2.40165154131323,0.406692068543845,0.538513750878502,19.862799302925,0.292257740189756,4.90317463828137,8.29164093544507,2.43754878629341,1.47138243474942,19.862799302925,0.292257740189756
2020-08-16,587345,11839,472377,574518.428571429,11246.2857142857,444860.428571429,3926.57142857136,204.428571428571,8700.42857142858,NA,1442273.57868104,2890982.56569403,19768.4695329396,43907.4199134198,2438408.36192376,717433.648685713,4888895.57071497,1437196.24374479,40.0265501102738,11.7371086789525,33454.3330557449,9809.91721183457,2.01568073278908,2.3871230473328,0.409514749085242,0.532529791304376,19.8627993028427,0.267729853446796,4.93693326971925,8.34877092710918,2.45430118986409,1.34789587901977,19.8627993028427,0.267729853446796
2020-08-17,589886,11982,477671,578273.857142857,11440.7142857143,453499.142857143,3755.42857142864,194.428571428572,8638.71428571426,NA,1416218.48808544,2909889.41016336,18906.8444693303,44767.5064935067,2394243.82399273,704555.94207436,4920891.76904768,1446578.58761679,40.026550110114,11.7371086789056,31996.1983327121,9382.34387199837,2.03123993449582,2.37276023255628,0.411768225904068,0.52634158988579,19.8627993027633,0.26038253973611,4.96922050333791,8.40341086092538,2.4703234260959,1.31090555556184,19.8627993027633,0.26038253973611
2020-08-18,592144,12264,485468,581993.142857143,11656.8571428571,461976.714285714,3719.28571428568,216.142857142857,8477.57142857142,NA,1394582.68601697,2928614.29207757,18724.8819142152,40144.5411255409,2357594.37873401,693844.854474325,4952580.03074866,1455870.63428098,40.02655010996,11.7371086788605,31688.2617009794,9292.04666419723,2.07111783620201,2.36359670606188,0.418764602534937,0.526879378205249,19.8627993026869,0.262620898421773,5.00119699935378,8.45752493110607,2.4861914617128,1.32217465537603,19.8627993026869,0.262620898421773
2020-08-19,596060,12423,491441,585870.428571429,11858.7142857143,470464.142857143,3877.28571428568,201.857142857143,8487.42857142858,NA,1377089.4620225,2948134.63085367,19520.3387760944,36811.7056277057,2327960.88977634,685185.524199948,4985614.4502159,1465557.41893679,40.0265501098117,11.737108678817,33034.4194672359,9686.78465580568,2.08418615575613,2.35623880580069,0.421385097884854,0.522554788064396,19.8627993026133,0.278024799540144,5.03453189769716,8.51393783599486,2.50273359171778,1.39972616696153,19.8627993026133,0.278024799540144
2020-08-20,599940,12618,497169,589738.285714286,12051.2857142857,478971.571428571,3867.85714285716,192.571428571428,8507.42857142858,NA,1360547.15481683,2967607.50113717,19472.8702835054,35822.6060606062,2299934.76549421,676999.444791763,5018568.53838798,1475220.64779928,40.026550109669,11.7371086787751,32954.0881720874,9663.22886249167,2.1032103210321,2.35613668324305,0.425190999657631,0.520359023359786,19.8627993025425,0.280871886142929,5.06778573405728,8.57021355906585,2.51923549547544,1.41405993005756,19.8627993025425,0.280871886142929
2020-08-21,603338,12843,500102,593195.142857143,12235.1428571429,484452.714285714,3456.85714285716,183.857142857143,5481.14285714284,NA,1342352.90827434,2985011.17667261,17403.6755354349,35414.0649350649,2269108.89771901,667996.628569819,5048020.91237103,1483857.05821536,40.0265501095316,11.7371086787348,29452.3739830423,8636.41041608015,2.1286575683945,2.36719721262984,0.430249645306725,0.519720943902492,19.8627993024743,0.25407845169984,5.09750600486966,8.6205094019791,2.53398390054023,1.27916739040022,19.8627993024743,0.25407845169984
2020-08-22,607045,12987,504127,596536.857142857,12422.2857142857,489765,3341.71428571432,187.142857142857,5312.28571428574,NA,1327446.07464191,3001835.161222,16823.9845493934,31543.6753246754,2243866.42102238,660610.551085201,5076492.27083923,1492205.80242784,40.0265501093994,11.7371086786961,28471.3584682047,8348.74421248119,2.13938011185332,2.38286146158117,0.432635348128616,0.516298195220829,19.8627993024087,0.248944541173708,5.1262363369155,8.66912996390284,2.54824105779606,1.2533205273881,19.8627993024087,0.248944541173708
2020-08-23,609773,13059,506470,599740.857142857,12596.5714285714,494635.428571429,3204,174.285714285716,4870.42857142858,NA,1312632.84839383,3017965.8180908,16130.6568688019,30769.5974025973,2218777.01616299,653274.811529225,5103790.30554028,1500210.48929507,40.0265501092723,11.7371086786588,27298.0347010484,8004.68686722475,2.14161663438689,2.37726329479699,0.43270867820038,0.510583125555861,19.8627993023456,0.241365737100089,5.15378267271947,8.71574683987878,2.56191066804465,1.21516475711853,19.8627993023456,0.241365737100089
2020-08-24,611450,13159,516494,602821.428571429,12764.7142857143,500181.571428571,3080.57142857136,168.142857142857,5546.14285714284,NA,1298709.51079602,3033475.06923758,15509.2511467757,29264.4458874459,2195196.24704141,646378.727780364,5130036.7305579,1507906.80941302,40.0265501091499,11.7371086786229,26246.4250176204,7696.32011794881,2.1520974732194,2.37181229574166,0.433792917352287,0.506514570717475,19.8627993022849,0.234686449829311,5.18026783346846,8.76056788114631,2.57505368014565,1.18153763756203,19.8627993022849,0.234686449829311
2020-08-25,613017,13308,520381,605803.285714286,12913.8571428571,505169.142857143,2981.85714285716,149.142857142857,4987.57142857142,NA,1281039.86346018,3048487.33965066,15012.2704130779,32532.7748917749,2165247.38231922,637644.083237767,5155442.11125695,1515356.50751274,40.0265501090323,11.7371086785884,25405.3806990543,7449.69809972285,2.17090227514082,2.36744735659445,0.436544374874296,0.504939919722066,19.8627993022265,0.229601548356604,5.20590429981587,8.80395267034961,2.58777553562632,1.15593751245237,19.8627993022265,0.229601548356604
2020-08-26,615701,13502,525242,608609.142857143,13068,509997.857142857,2805.85714285716,154.142857142857,4828.71428571432,NA,1264629.35404497,3062613.53153415,14126.1918834904,30382.5584415586,2137442.71803414,629524.55869445,5179347.9744444,1522366.49746996,40.0265501089191,11.7371086785552,23905.8631874453,7009.98995722085,2.19294755084042,2.36230720839931,0.440865289106082,0.505418651954904,19.8627993021704,0.219029651252751,5.23002760914039,8.84477673228342,2.59974650115578,1.10271290429125,19.8627993021704,0.219029651252751
2020-08-27,618286,13628,531338,611230,13212.2857142857,514879.142857143,2620.85714285716,144.285714285714,4881.28571428568,NA,1248694.95310176,3075808.33405414,13194.8025199948,28984.9177489176,2110443.38017421,621641.586368175,5201677.64024747,1528914.29420921,40.0265501088104,11.7371086785233,22329.6658030683,6547.79673924553,2.20415794632258,2.35993093158915,0.443070520653584,0.503576876323818,19.8627993021164,0.207243105408615,5.25256038409426,8.88290912066689,2.61092817895244,1.04337310199156,19.8627993021164,0.207243105408615
2020-08-28,620132,13743,533935,613629.142857143,13340.8571428571,519712.428571429,2399.14285714284,128.571428571429,4833.28571428574,NA,1232971.66968186,3087886.9077771,12078.5737229572,27673.2857142857,2083796.4719691,613866.905444444,5222118.30347093,1534908.17289879,40.0265501087058,11.7371086784927,20440.6632234659,5993.87868958781,2.21614107964111,2.36708738193839,0.445061636337364,0.501596130245146,19.8627993020646,0.192132021788205,5.27318697422705,8.91781565781469,2.62116393044691,0.967295790933885,19.8627993020646,0.192132021788205
2020-08-29,622551,13981,536694,615844.285714286,13482.8571428571,524364.857142857,2215.14285714284,142,4652.42857142858,NA,1215814.05308057,3099039.12667365,11152.2188965487,28167.8354978354,2054729.25266582,605375.340600411,5240991.28929586,1540442.35671212,40.0265501086054,11.7371086784632,18872.9858249286,5534.18381332513,2.2457597851421,2.38167157612,0.451139834914137,0.504352663805012,19.8627993020147,0.179658861083498,5.29223162747225,8.95004507099888,2.63061466062874,0.904499200652867,19.8627993020147,0.179658861083498
2020-08-30,625056,14028,538604,618027.571428571,13621.2857142857,528955.428571429,2183.2857142858,138.428571428571,4590.57142857136,NA,1200434.81674546,3110030.9596026,10991.8329289546,26232.640692641,2028678.02853827,597761.602483523,5259592.85271409,1545896.95049641,40.0265501085088,11.7371086784349,18601.563418231,5454.59378429339,2.24427891260943,2.39423990309442,0.451056603043993,0.500973518379277,19.8627993019668,0.179573982621484,5.31100238947065,8.98181097591924,2.6399294748535,0.904071876871634,19.8627993019668,0.179573982621484
2020-08-31,627041,14149,540923,620254.857142857,13762.7142857143,532445.285714286,2227.28571428568,141.428571428572,3489.85714285716,NA,1186198.69311637,3121244.31216399,11213.3525613905,25308.0476190476,2004567.63250663,590710.517503246,5278569.29551029,1551461.47131635,40.026550108416,11.7371086784077,18976.4427961987,5564.52081993781,2.25647126742908,2.40243587681466,0.453312800438564,0.500833377794192,19.8627993019207,0.185539913155041,5.33015144072483,9.01421706265708,2.6494320115661,0.934107575435992,19.8627993019207,0.185539913155041
2020-09-01,628259,14263,549993,622432.285714286,13899.1428571429,536675.571428571,2177.42857142852,136.428571428571,4230.2857142858,NA,1174576.34973067,3132206.65708998,10962.3449259885,22448.2597402597,1984890.24919457,584949.443771566,5297120.95615427,1556901.43195631,40.0265501083269,11.7371086783816,18551.6606439818,5439.96063996409,2.27024204985524,2.39996250598178,0.455365866990757,0.500578549988347,19.8627993018765,0.183563562010491,5.34887184603667,9.04589774856943,2.65872183675844,0.924157562270472,19.8627993018765,0.183563562010491
2020-09-02,630595,14389,553456,624560,14025.8571428571,540706.142857143,2127.71428571432,126.714285714286,4030.57142857136,NA,1161960.85645729,3142918.71360015,10712.0565101709,23200.8354978354,1963521.96387478,578702.941201963,5315249.05178687,1562217.18932226,40.0265501082413,11.7371086783565,18128.0956325969,5315.75736594992,2.28181320816055,2.40311574563262,0.457822849115868,0.501146884840061,19.862799301834,0.181147380361031,5.36716483361803,9.07685511216865,2.66779955991912,0.911993206114457,19.862799301834,0.181147380361031
2020-09-03,633015,14563,554887,626664.142857143,14159.4285714286,544070.285714286,2104.14285714284,133.571428571428,3364.14285714284,NA,1150703.48416008,3153512.0988787,10593.3852785444,21717.186147186,1944463.60855862,573121.973423969,5333176.31918133,1567474.05720485,40.026550108159,11.7371086783323,17927.2673944589,5256.86788258562,2.30057739548036,2.41075152958288,0.461802572603993,0.503738769400151,19.8627993017932,0.18108552001778,5.385255166241,9.1074695212229,2.67677671746134,0.911681767907621,19.8627993017932,0.18108552001778
2020-09-04,635078,14678,557818,628799.285714286,14293,547482.142857143,2135.14285714284,133.571428571429,3411.85714285716,NA,1141967.42060823,3164261.55480737,10749.455928673,19351.9480519483,1929682.9625478,568784.265195233,5351367.70613755,1572808.37368073,40.02655010808,11.7371086783092,18191.3869562168,5334.31647588289,2.31121216606464,2.42301054780076,0.463868101475371,0.504417795010842,19.862799301754,0.185551090161574,5.40361202083963,9.13853496746676,2.68588613402909,0.934163846433406,19.862799301754,0.185551090161574
2020-09-05,636884,14779,561204,630846.857142857,14407,550983.571428571,2047.57142857148,114,3501.42857142864,NA,1130788.84341571,3174570.12913,10308.574322626,21373.1515151514,1910745.98576045,563251.106588416,5368812.98576045,1577923.90680324,40.0265501080041,11.7371086782869,17445.2796229059,5115.53312250623,2.32051676600448,2.43302304844767,0.465543345991548,0.50464139439529,19.8627993017163,0.17930208811582,5.42121598156242,9.16832628561301,2.69462193408702,0.90270301381588,19.8627993017163,0.17930208811582
2020-09-06,638517,14889,563891,632769.857142857,14530,554596,1923,123,3612.42857142852,NA,1119511.66085698,3184251.54397386,9681.4148438652,20835.5974025973,1891650.84165007,557662.683020066,5385196.91857315,1582728.21792877,40.0265501079312,11.7371086782656,16383.9328126945,4804.31112552714,2.33180948980215,2.43767405965842,0.467582406552559,0.505031210046494,19.8627993016802,0.170058275095173,5.43774894153521,9.19630514095157,2.70282626008855,0.856164694251944,19.8627993016802,0.170058275095173
2020-09-07,639362,15004,566555,634530,14652.1428571429,558257.714285714,1760.14285714284,122.142857142857,3661.71428571432,NA,1106963.87965881,3193113.04848998,8861.50451611821,21287.142857143,1870402.78335866,551445.679890578,5400193.31083119,1587125.65626007,40.0265501078613,11.737108678245,14996.3922580462,4397.43833130691,2.34671438089846,2.44226803632744,0.469886276249924,0.505592467812894,19.8627993016454,0.15722416484082,5.452881739977,9.22191449216076,2.71033576908974,0.79155089008495,19.8627993016454,0.15722416484082
2020-09-08,640441,15086,567729,636270.285714286,14769.7142857143,560791.428571429,1740.28571428568,117.571428571429,2533.7142857142,NA,1095073.27412438,3201874.58148369,8761.53299371339,20534.567099567,1850267.1652015,545554.578110873,5415020.52051286,1591473.48466297,40.0265501077941,11.7371086782253,14827.2096816683,4347.82840289501,2.35556436892704,2.4480000075769,0.471161490435688,0.505391742513218,19.8627993016121,0.157212511465774,5.46784381696899,9.2472349301472,2.71776055917599,0.791492220723036,19.8627993016121,0.157212511465774
2020-09-09,642431,15168,569935,637961.142857143,14881,563145.571428571,1690.85714285716,111.285714285714,2354.14285714296,NA,1084402.25151373,3210387.26450075,8512.68301705411,19072.4199134202,1832197.83023403,540266.955719766,5429426.5994648,1595697.82360376,40.0265501077295,11.7371086782064,14406.0789519381,4224.33894079388,2.36103176839225,2.45138334060902,0.472466364657063,0.505290903242846,19.8627993015801,0.154405845227936,5.48238093265422,9.27183620284528,2.72497446620775,0.777361955423559,19.8627993015801,0.154405845227936
2020-09-10,644438,15265,573003,639593,14981.2857142857,565733.571428571,1631.85714285716,100.285714285714,2588,NA,1072413.08731807,3218602.90982889,8215.6453281478,20104.5238095233,1811885.43148533,534334.213659191,5443329.9992509,1599774.76038314,40.0265501076676,11.7371086781882,13903.399786097,4076.93677938171,2.36873058385756,2.45686275290735,0.474274100523059,0.505804270826924,19.8627993015493,0.15048448511237,5.49641079683744,9.29557904992457,2.73193665444905,0.757619722448885,19.8627993015493,0.15048448511237
2020-09-11,646398,15378,574587,641210.142857143,15081.2857142857,568129.142857143,1617.14285714284,100,2395.57142857136,NA,1060350.12921937,3226744.47553972,8141.56571082678,20104.5238095243,1791447.95294468,528364.995999042,5457108.03353076,1603814.93584867,40.0265501076081,11.7371086781708,13778.0342798606,4040.17546552303,2.37902963808675,2.46647897854047,0.476579416702272,0.506943345470284,19.8627993015198,0.150794770985128,5.51031415519814,9.3191078102273,2.73883606536489,0.759181868172412,19.8627993015198,0.150794770985128
2020-09-12,648214,15427,576423,642828.714285714,15173.8571428571,570303.285714286,1618.57142857148,92.5714285714294,2174.14285714284,NA,1051247.58842477,3234893.23344642,8148.75790669629,17158.7272727271,1776028.81797359,523858.74052417,5470898.23921901,1607858.68037379,40.0265501075509,11.737108678154,13790.2056882549,4043.74452512758,2.37992391401605,2.47527509724154,0.476893637183947,0.506054258429949,19.8627993014914,0.152644997712991,5.52422979567755,9.342657355654,2.74574157116671,0.768496903253587,19.8627993014914,0.152644997712991
2020-09-13,649793,15447,577906,644439.571428571,15253.5714285714,572305.428571429,1610.85714285716,79.7142857142862,2002.14285714284,NA,1040764.43055177,3243003.15349549,8109.92004907643,18513.3636363638,1758258.12223247,518678.377541005,5484622.71930206,1611883.1519771,40.0265501074961,11.737108678138,13724.4800830521,4024.47160330089,2.37721859115134,2.47743164759704,0.476317760695063,0.504373138855106,19.8627993014642,0.153232897990516,5.53807911271605,9.36609466141145,2.7526141645843,0.771456708997415,19.8627993014642,0.153232897990516
