"date","positive","death","recovered","positive7","death7","recovered7","dif_pos7","dif_dea7","dif_rec7","testPosRate7","Einfected","Epositive","dif_Epositive","dif_Erecovered","Einfected_U","Einfected_L","Epositive_U","Epositive_L","confirmRate_k_U","confirmRate_k_L","dif_Epositive_U","dif_Epositive_L","CFR","CFRadj","ECFR_k","EIFRadj_k","confirmRate_k","NCC7PerEinfected_k","prevalence","prevalence_U","prevalence_L","difEposPerEinfected_k","ascertainmentRate","docuTransmissionRate"
2020-03-22,511,0,16,511,0,16,NA,NA,NA,NA,5454.54545454545,5454.54545454545,NA,NA,5454.54545454545,5454.54545454545,5454.54545454545,5454.54545454545,NA,NA,NA,NA,NA,NA,NA,NA,NA,NA,0.0159170691410345,0.0159170691410345,0.0159170691410345,NA,NA,NA
2020-03-23,562,0,16,536.5,0,16,25.5,0,0,NA,5930.73593073593,5930.73593073593,476.190476190477,0,5930.73593073593,5930.73593073593,5930.73593073593,5930.73593073593,9.36022669150641,2.74472812758459,476.190476190477,476.190476190477,NA,NA,NA,NA,4.64492452360469,0.4675,0.0173066545422359,0.0173066545422359,0.0173066545422359,8.73015873015875,4.64492452360469,0.4675
2020-03-24,767,1,28,613.333333333333,0.333333333333333,20,76.8333333333334,0.333333333333333,4,NA,7125.28476439312,7125.61809772645,1194.88216699052,0,10110.5414129967,6523.35164267609,10110.87474633,6523.68497600942,12.957830684742,3.79966463687925,4180.1388155941,592.949045273491,NA,NA,NA,NA,6.43020169318027,1.29551094890511,0.0207934752545884,0.0295048402758403,0.0190369565498695,20.1472832536357,6.43020169318027,1.29551094890511
2020-03-25,900,2,29,685,0.75,22.25,71.6666666666666,0.416666666666667,2.25,NA,8007.75301238681,8008.50301238681,882.884914660362,0,11604.2376788322,6961.05831711908,11604.9876788322,6961.80831711908,16.3576463388491,4.79660306176778,1494.11293250215,438.123341109654,NA,NA,NA,NA,8.11732825837625,1.0058712426645,0.0233698476301297,0.0338648550652179,0.0203154571272058,12.3908719981602,8.11732825837625,1.0058712426645
2020-03-26,1012,3,33,750.4,1.2,24.4,65.4,0.45,2.15,NA,8679.93612947232,8681.13612947232,672.633117085505,0,12742.0898769769,7294.39617973294,12743.2898769769,7295.59617973294,19.5932828377459,5.74539872685781,1138.3021981447,333.78786261386,NA,NA,NA,NA,9.72298246083629,0.816784751692407,0.0253326780658496,0.0371865681102824,0.0212894932832773,8.39977352005039,9.72298246083629,0.816784751692407
2020-03-27,1104,3,35,809.333333333333,1.5,26.1666666666667,58.9333333333334,0.3,1.76666666666667,NA,9201.29357230645,9202.79357230645,521.657442834137,0,13624.5947802347,7552.96378294386,13626.0947802347,7554.46378294386,22.7658202889585,6.67569166367955,882.804903257773,258.867603210925,NA,NA,NA,NA,11.2973243539192,0.679035544562515,0.0268549419565294,0.0397627070022021,0.0220449024320357,6.00992259681352,11.2973243539192,0.679035544562515
2020-03-28,1203,4,37,865.571428571429,1.85714285714286,27.7142857142857,56.2380952380952,0.357142857142857,1.54761904761905,NA,9637.49375591317,9639.35089877032,436.557326463862,0,14363.0269590856,7769.24411036202,14364.8841019427,7771.10125321916,25.9595420711979,7.61219654719336,738.789321708075,216.6374702753,NA,NA,NA,NA,12.8821787721734,0.611271837514008,0.028128872700577,0.0419185897998211,0.022677078590736,4.74452122446988,12.8821787721734,0.611271837514008
2020-03-29,1299,8,66,978.142857142857,3,34.8571428571429,112.571428571429,1.14285714285714,7.14285714285714,NA,10412.6739091432,10415.6739091432,776.323010372929,0,15675.6615041123,8153.34425084783,15678.6615041123,8156.34425084783,29.220888962123,8.56853134979547,1313.77740216957,385.242997628673,NA,NA,NA,NA,14.5005915150385,1.16820724540455,0.030394283656422,0.0457523621866357,0.0238012674861178,8.05523749259613,14.5005915150385,1.16820724540455
2020-03-30,1453,8,115,1105.42857142857,4.14285714285714,49,127.285714285714,1.14285714285714,14.1428571428571,NA,11201.7051501577,11205.8480073006,790.174098157309,0,17011.7363515433,8544.31786346725,17015.8792086862,8548.46072061011,32.4612007149007,9.51869795399344,1337.2177045739,392.116469762273,NA,NA,NA,NA,16.1085657682966,1.22258073867066,0.0327001138779565,0.0496545364076941,0.0249455140622176,7.58858008089033,16.1085657682966,1.22258073867066
2020-03-31,1563,10,165,1219.14285714286,5.42857142857143,68.5714285714286,113.714285714286,1.28571428571429,19.5714285714286,NA,11793.8745303009,11849.4748189012,643.626811600639,50.1717171717172,18014.5284893681,8837.69658200591,18105.0938129334,8867.85447674276,35.6031649119211,10.44002580124,1089.21460424724,319.393756132647,NA,NA,NA,NA,17.6677359713293,1.01529960068787,0.0345783001625229,0.0528330055046525,0.0258775463538069,5.74579318927689,17.6677359713293,1.01529960068787
2020-04-01,1720,16,264,1336.28571428571,7.42857142857143,102.142857142857,117.142857142857,2,33.5714285714286,NA,12338.3562818708,12458.6712169358,609.196398034583,62.7146464646465,18937.0552997172,9107.09291486518,19136.0415634535,9170.16246373736,38.7495078470909,11.3626376393725,1030.94775052006,302.307986994607,0.930232558139535,NA,0.128424610629826,NA,19.2290790820151,0.993401289314167,0.0363560140469869,0.0558414443860532,0.0267597201611349,5.16536271832832,19.2290790820151,0.993401289314167
2020-04-02,1885,21,328,1461,10,144.285714285714,124.714285714286,2.57142857142857,42.1428571428571,NA,12865.7772235109,13056.3954053291,597.724188393295,67.7318181818182,19831.0824976575,9367.75191060922,20147.5748053499,9466.777474519,42.0458443372914,12.3292325500328,1011.53324189634,296.615010781634,1.11405835543767,NA,0.160840717120352,NA,20.8648550846709,1.01094082860029,0.0381002505398731,0.0587932292201683,0.0276252811275296,4.84443936240965,20.8648550846709,1.01094082860029
2020-04-03,2039,25,351,1594.57142857143,13.1428571428571,189.428571428571,133.571428571429,3.14285714285714,45.1428571428571,NA,13407.3363041612,13646.2518885768,589.856483247704,45.1545454545455,20749.5352275493,9635.06339853665,21145.7934693075,9759.48821056673,45.6325689911308,13.3809788770985,998.218663957654,292.710736047733,1.22609122118686,NA,0.183200487607351,NA,22.6447334843205,1.03835350896661,0.0398215280515157,0.0617061603937172,0.028479448915262,4.58469374216897,22.6447334843205,1.03835350896661
2020-04-04,2179,29,420,1734,16.7142857142857,244.142857142857,139.428571428571,3.57142857142857,54.7142857142857,NA,13916.0510280808,14212.2934523232,566.041563746467,53.7554112554113,21612.6623427539,9885.88907249032,22103.7099618015,10040.3810166364,49.6376441175167,14.5553994028808,957.91649249402,280.892806069676,1.33088572739789,NA,0.204048699791373,NA,24.632214374106,1.04010488549852,0.0414733105477718,0.0645014846181507,0.0292991304547575,4.22187935698149,24.632214374106,1.04010488549852
2020-04-05,2402,34,488,1891.57142857143,20.4285714285714,304.428571428571,157.571428571429,3.71428571428571,60.2857142857143,NA,14326.6171793952,14798.5912053692,586.297753045979,172.017316017316,22309.2468186046,10088.3332850652,23095.9061592639,10331.3257662682,54.1585399876848,15.8810756354865,992.196197462425,290.944749631839,1.41548709408826,NA,0.229751599514852,NA,26.8756664600541,1.13247605463549,0.0431842032243906,0.0673968414555056,0.0301481448657112,4.21310436317677,26.8756664600541,1.13247605463549
2020-04-06,2605,38,551,2056.14285714286,24.7142857142857,366.714285714286,164.571428571429,4.28571428571429,62.2857142857143,NA,14709.9146938968,15358.1917501739,559.60054480466,172.017316017316,22960.079975014,10276.9578303926,24042.9224658564,10609.0222772239,59.2630523174577,17.3778875216605,947.016306592501,277.696510955697,1.45873320537428,NA,0.247424961337455,NA,29.408732728964,1.14888905310428,0.0448171899942769,0.0701603575276209,0.0309584992026472,3.90602008692944,29.408732728964,1.14888905310428
2020-04-07,2795,41,615,2232.14285714286,29.1428571428571,431,176,4.42857142857143,64.2857142857143,NA,15057.872214679,15904.0973229041,545.905572730255,193.519480519481,23551.1069882058,10448.0452359794,24966.7626658615,10879.9227869999,64.9685008513216,19.0509137834702,923.840200005045,270.900509775916,1.46690518783542,NA,0.257795203132681,NA,32.2400079412573,1.19665550235176,0.0464102130643079,0.0728562427230579,0.0317490219291288,3.71114030291931,32.2400079412573,1.19665550235176
2020-04-08,2932,41,631,2405.28571428571,32.7142857142857,483.428571428571,173.142857142857,3.57142857142857,52.4285714285714,NA,15243.1256295426,16393.9524693694,489.85514646531,301.030303030303,23865.7006792936,10539.1838800901,25795.7482983413,11123.0087995315,71.2269930053287,20.8861107308859,828.985632479762,243.086012531658,1.39836289222374,NA,0.250092221973954,NA,35.3457258522684,1.15002331950478,0.0478396737407942,0.0752753300217271,0.0324583783550543,3.25314984402497,35.3457258522684,1.15002331950478
2020-04-09,3287,44,666,2605.57142857143,36,531.714285714286,200.285714285714,3.28571428571428,48.2857142857142,NA,15371.0830524142,16912.2345675657,518.282098196283,387.038961038961,24082.7385158016,10602.321720441,26672.8410799042,11380.2014196891,77.8738185267605,22.8351798687493,877.092781562944,257.192620157555,1.3386066321874,7.04500978473581,0.260166684799791,0.806666666666667,38.6441505471143,1.31413806021495,0.0493520879392452,0.077834800203721,0.0332088996866165,3.40010382904543,38.6441505471143,1.31413806021495
2020-04-10,3651,47,685,2835.85714285714,39.1428571428571,579.428571428571,230.285714285714,3.14285714285715,47.7142857142858,NA,15443.0817585137,17460.4237498557,548.189182289974,473.047619047619,24204.58247997,10638.0504016633,27600.5458499334,11652.2351492465,84.6533680438687,24.8231680730141,927.704770029188,272.033729557432,1.28731854286497,6.96492119979664,0.2691801795497,0.792481751824817,42.0084382774085,1.49839707916944,0.0509517748773392,0.0805419627143417,0.034002729294994,3.56636666668634,42.0084382774085,1.49839707916944
2020-04-11,4033,52,720,3100.71428571429,42.4285714285714,622.285714285714,264.857142857143,3.28571428571428,42.8571428571429,NA,15487.4614604763,18045.6432786581,585.21952880242,537.554112554113,24279.4887887858,10660.2173429164,28590.9173602144,11942.6448402312,91.2012068051597,26.7432110180543,990.371510281017,290.409690984659,1.28936275725267,5.53175637921401,0.288158195288601,0.729761254207428,45.2577417228612,1.71530539380289,0.052659521156155,0.0834319948784916,0.0348501823356093,3.78952554906853,45.2577417228612,1.71530539380289
2020-04-12,4462,59,761,3395,46,661.285714285714,294.285714285714,3.57142857142857,39,NA,15535.259582181,18656.0691059905,610.425827332361,559.056277056276,24360.2790167256,10684.0086772103,29623.9456833922,12245.56291996,97.1502640414025,28.4876714106368,1033.02832317784,302.918079728839,1.32227700582698,5.11111111111111,0.316250972618101,0.736716960819572,48.2099054641546,1.90043041359841,0.0544408226743275,0.0864465051400142,0.0357341364724468,3.94141950822706,48.2099054641546,1.90043041359841
2020-04-13,4934,65,805,3727.71428571429,49.8571428571429,697.571428571429,332.714285714286,3.85714285714285,36.2857142857142,NA,15542.3170508715,19312.0486526031,655.979546612602,645.064935064936,24371.9257219821,10698.2781278933,30734.0649161213,12581.637956035,99,29.9710405788009,1110.11923272902,336.075036075035,1.31738954195379,4.92659514398645,0.336577445351654,0.748749922021451,50.7202225179707,2.14197892297995,0.0563550558373926,0.0896859766467398,0.0367148468965068,4.22252066753371,50.7202225179707,2.14197892297995
2020-04-14,5369,73,889,4095.42857142857,54.4285714285714,736.714285714286,367.714285714286,4.57142857142858,39.1428571428571,NA,15568.5709780789,20009.4411079491,697.392455345973,666.5670995671,24416.4543460474,10736.5885467977,31914.2675328606,12953.0665274636,99,31.1568776834443,1180.20261673934,371.428571428572,1.35965729186068,4.93012422360249,0.364827781076802,0.793237394997923,52.7270237719827,2.36622714042691,0.0583901372245919,0.0931299605327693,0.0377987235094439,4.48705590719415,52.7270237719827,2.36622714042691
2020-04-15,5862,79,931,4514,59.8571428571429,779.571428571429,418.571428571428,5.42857142857142,42.8571428571429,NA,15796.653335785,20780.5061496378,771.065041688744,537.554112554112,24803.7255887588,10889.0023627228,33219.14683418,13375.865950263,99,32.07740579134,1304.87930131941,422.799422799424,1.34766291368134,4.97565609785061,0.380163983644724,0.819557258882213,54.2848405699601,2.68894582097078,0.0606402047477375,0.0969377671104004,0.0390325069111167,4.9527027417894,54.2848405699601,2.68894582097078
2020-04-16,6380,83,990,4955.85714285714,65.4285714285714,825.857142857143,441.857142857143,5.57142857142858,46.2857142857143,NA,16091.6565112066,21575.6305371806,795.124387542801,494.549783549784,25304.5441493623,11085.9908078616,34564.7419515601,13822.1862965834,99,32.8373027777805,1345.59511738012,446.320346320346,1.30094043887147,5.03684152644892,0.384693276319173,0.796875946040704,55.5708200854747,2.79754483824442,0.0629604805539818,0.100864387705583,0.0403349274098791,5.03349899906687,55.5708200854747,2.79754483824442
2020-04-17,7142,87,1049,5454.57142857143,71.1428571428571,877.857142857143,498.714285714285,5.71428571428571,52,NA,16490.1900010322,22452.9259317681,877.295394587527,473.047619047619,25980.7656596167,11350.8661347068,36049.3956962467,14325.9381003352,99,33.5912860152834,1484.65374468658,503.751803751806,1.2181461775413,4.89627371939829,0.387477339320421,0.776380332334687,56.846791718172,3.09963478353544,0.0655205419869879,0.10519679936144,0.0418049403297562,5.45186503314037,56.846791718172,3.09963478353544
2020-04-18,8274,92,1329,6060.42857142857,76.8571428571429,964.857142857143,605.857142857143,5.71428571428572,87,NA,17027.8868661826,23490.8868661826,1037.96093441444,494.549783549784,26892.3955193217,11713.3682883594,37805.9449698711,14937.9150123121,99,34.4913263723613,1756.54927362443,611.976911976915,1.11191684795746,4.91728361210127,0.391641237404463,0.776405717604041,58.3699369378421,3.67454326402565,0.0685494462460953,0.11032263733839,0.0435907681135426,6.29441464500692,58.3699369378421,3.67454326402565
2020-04-19,9362,97,1398,6760.42857142857,82.2857142857143,1055.85714285714,700,5.42857142857143,91,NA,17646.3229941799,24652.3056781626,1161.41881198002,537.554112554112,27940.2654502183,12150.0533885557,39771.4229593758,15644.9857193828,99,35.6147463231791,1965.47798950464,707.070707070707,1.0361033967101,4.78405315614618,0.393472323710168,0.778574201943321,60.2711091623031,4.11145478299656,0.0719386165602923,0.116058156331647,0.0456540918910841,6.82068668359899,60.2711091623031,4.11145478299656
2020-04-20,10484,103,1490,7553.28571428571,87.7142857142857,1153.71428571429,792.857142857143,5.42857142857142,97.8571428571429,NA,18329.4765177078,25921.4462146775,1269.14053651487,580.558441558442,29097.4593251995,12659.3370197115,41919.1992519394,16445.8515202486,99,36.915257217537,2147.77629256363,800.865800865799,0.98244944677604,4.65327775672603,0.397354372695758,0.788885422066489,62.4719737527549,4.49364425585592,0.0756421327996818,0.122325645352152,0.0479911218840138,7.19209626239675,62.4719737527549,4.49364425585592
2020-04-21,11631,109,1640,8447.85714285714,92.8571428571429,1261,894.571428571428,5.14285714285715,107.285714285714,NA,19018.9848903832,27304.166708565,1382.72049388754,688.069264069265,30264.7152525843,13218.6566608056,44259.1877800568,17349.4590238561,99,38.2297356513603,2339.98852811738,903.607503607509,0.937150717909036,4.55405310726547,0.399206469706354,0.79875412596805,64.6964757176867,4.8811591169107,0.0796770900454029,0.129154034537219,0.0506279654544148,7.54369876603797,64.6964757176867,4.8811591169107
2020-04-22,12772,114,1812,9435,97.8571428571429,1386.85714285714,987.142857142857,5,125.857142857143,NA,19678.8772266402,28786.1412959043,1481.97458733931,817.082251082251,31381.1594260303,13808.0359640421,46767.1447740156,18346.5730209701,99,39.3604379788284,2507.95699395884,997.113997113996,0.892577513310366,4.49091981905199,0.396023902016419,0.802122475041949,66.6099719641711,5.19100230954065,0.0840016835735911,0.136472577431076,0.0535376730672335,7.79208036538619,66.6099719641711,5.19100230954065
2020-04-23,13930,121,1925,10513.5714285714,103.285714285714,1520.42857142857,1078.57142857143,5.42857142857143,133.571428571428,NA,20421.4884898223,30372.7655460994,1586.62425019507,838.584415584415,32637.7872780088,14478.7405067842,49452.2011974227,19436.0391104362,99,40.1694139150655,2685.05642340704,1089.46608946609,0.868628858578607,4.29998810515047,0.398383215438014,0.817645398273444,67.9790081639571,5.48161252909731,0.0886316583536439,0.14430791936655,0.0567168760305883,8.06257507439083,67.9790081639571,5.48161252909731
2020-04-24,15102,127,2049,11650.7142857143,109,1663.28571428571,1137.14285714286,5.71428571428571,142.857142857143,NA,21209.0069682557,32026.0848903336,1653.31934423423,860.086580086579,33970.510856896,15197.7241129859,52250.1262415114,20584.6682590654,99,40.6423631521277,2797.92504408869,1148.62914862915,0.84094821877897,4.18426103646833,0.396551749721778,0.826920265522548,68.7793837959085,5.56915029210469,0.0934562580446147,0.152472626535885,0.0600687244528802,8.09597863083394,68.7793837959085,5.56915029210469
2020-04-25,16299,136,2215,12797.1428571429,115.285714285714,1789.85714285714,1146.42857142857,6.28571428571429,126.571428571429,NA,22000.5480161977,33683.9982326479,1657.91334231427,860.086580086581,35310.4374655011,15925.5157999956,55055.8257438894,21742.676917074,99,40.8607040938241,2805.699502378,1158.00865800866,0.834407018835511,4.12471249680552,0.4037525446376,0.855125551854747,69.148883851087,5.40617293393263,0.0982942636161823,0.160660020580076,0.063447943496711,7.81702483664479,69.148883851087,5.40617293393263
2020-04-26,17522,139,2357,13962.8571428571,121.285714285714,1926.85714285714,1165.71428571429,6,137,NA,22860.089576681,35366.6220442135,1682.6238115656,817.082251082253,36765.4418645608,16694.2702836072,57903.3429634619,22920.1660945632,99,40.9379187490664,2847.51721957255,1177.48917748918,0.793288437392992,4.13662054180472,0.393025943575356,0.847873630594626,69.2795548061124,5.29936827869506,0.10320437753314,0.16896944413185,0.0668840092160454,7.64809953973323,69.2795548061124,5.29936827869506
2020-04-27,18811,144,2531,15152.4285714286,127.142857142857,2075.57142857143,1189.57142857143,5.85714285714285,148.714285714286,NA,23753.4724635111,37082.9443249829,1716.32228076943,817.082251082249,38277.6172994161,17487.2657484598,60807.8883616871,24121.7533961505,99,40.9555116369781,2904.54539822519,1201.5873015873,0.765509542289086,3.8680516319701,0.388318680248339,0.851454604799315,69.3093273856552,5.20451480056816,0.108212827941879,0.177445283285101,0.0703903963784103,7.50794206213527,69.3093273856552,5.20451480056816
2020-04-28,20077,152,2784,16359,133.285714285714,2239,1206.57142857143,6.14285714285714,163.428571428572,NA,24714.49740759,38824.1900482826,1741.24572329973,774.077922077922,39904.6595124727,18318.3437790341,63754.6118934251,25340.5124149095,99,40.9462039983025,2946.72353173801,1218.75901875902,0.757085221895701,3.65066322338303,0.391508489451987,0.870540155139454,69.2935759971273,5.08037386928884,0.113294008179583,0.186044203687369,0.0739468928325155,7.330489156794,69.2935759971273,5.08037386928884
2020-04-29,21402,157,2953,17591.8571428571,139.428571428571,2402,1232.85714285714,6.14285714285714,163,NA,25736.5892792335,40605.0005346448,1780.81048636213,752.575757575758,41635.1446578914,19186.5713175774,66768.291178038,26585.8226602198,99,40.9087041594584,3013.67928461283,1245.31024531024,0.733576301280254,3.45719244801814,0.386651885070277,0.870016089621353,69.2301147313911,4.98921814679996,0.118490643513309,0.194838509636751,0.0775808691998999,7.20552984344819,69.2301147313911,4.98921814679996
2020-04-30,22753,162,3163,18852.2857142857,145.285714285714,2578.85714285714,1260.42857142857,5.85714285714286,176.857142857143,NA,26737.7433379035,42429.0939872541,1824.09345260938,817.082251082253,43329.7020758604,20051.1396540029,69855.2185593769,27858.9828333799,99,40.8311701482872,3086.92738133894,1273.16017316018,0.711994022766229,3.25606710635846,0.381813479327806,0.868350128205634,69.0989033278707,4.89824192481638,0.123813584140872,0.203846563006474,0.0812961152589302,7.08754929730029,69.0989033278707,4.89824192481638
2020-05-01,24097,169,3555,20137.2857142857,151.285714285714,2794,1285,6,215.142857142857,NA,27736.9408196417,44294.3780490789,1865.28406182478,860.086580086578,45020.8494625382,20919.1881952695,73011.8531255419,29156.9626313597,99,40.7079113234557,3156.634566165,1297.9797979798,0.701332116031041,3.06618796687706,0.381538261611316,0.875101357914301,68.8903114704635,4.80676330016489,0.129256724293823,0.213058030957623,0.0850837881934171,6.97622098563774,68.8903114704635,4.80676330016489
2020-05-02,25459,176,3765,21445.8571428571,157,3015.42857142857,1308.57142857143,5.71428571428572,221.428571428572,NA,28692.3691471261,46201.6159003728,1907.23785129389,946.09523809524,46637.3325661931,21768.93884896,76239.4864123469,30478.751953149,99,40.5427541573893,3227.63328680504,1321.78932178932,0.691307592599866,2.92419444961818,0.380939057152284,0.879584787253659,68.6108147278896,4.71861418710288,0.134822291030855,0.222476682358752,0.0889409403979641,6.876165124682,68.6108147278896,4.71861418710288
2020-05-03,27011,184,4134,22801.4285714286,163.428571428571,3269.28571428571,1355.57142857143,6.42857142857142,253.857142857143,NA,29768.1346551045,48186.9008888708,1985.28498849796,903.090909090908,48458.1555137611,22686.6465272466,79599.199469805,31848.0160224131,99,40.3478334425689,3359.7130574581,1369.26406926407,0.681203953944689,2.78793195886338,0.381846511408449,0.885445227729485,68.2809489028089,4.72533741771301,0.140615609409061,0.232280759614178,0.092936630056146,6.91920900054645,68.2809489028089,4.72533741771301
2020-05-04,28656,191,4476,24207.8571428571,170.142857142857,3547.14285714286,1406.42857142857,6.71428571428572,277.857142857143,NA,30950.4652466294,50257.5345106987,2070.63362182793,881.588744588746,50459.6160752428,23666.0376240362,83103.3486759754,33268.650943048,99,40.1360926341845,3504.14920617035,1420.63492063492,0.666527079843663,2.66681594267801,0.380042518717945,0.885258021409181,67.9226183040045,4.72545652676101,0.146657986138532,0.242506320233283,0.0970822265030636,6.95587293533311,67.9226183040045,4.72545652676101
2020-05-05,30251,200,5431,25661.2857142857,177,3925.28571428571,1453.42857142857,6.85714285714286,378.142857142857,NA,32170.427870277,52408.9473507965,2151.41284009782,924.593073593071,52524.662713064,24671.564048322,86744.2011746025,34736.7606111577,99,39.9200069757467,3640.85249862706,1468.10966810967,0.661135169085319,2.47829739568748,0.381614228313556,0.890752504184876,67.5569348820328,4.69683003885533,0.152936087075102,0.253130798741325,0.101366360403616,6.95114862718294,67.5569348820328,4.69683003885533
2020-05-06,31938,209,6783,27166.4285714286,184.428571428571,4472.42857142857,1505.14285714286,7.42857142857142,547.142857142857,NA,33478.2489883586,54648.7901138997,2239.84276310323,924.593073593074,54738.788561246,25728.7556962731,90534.7043121618,36257.106931504,99,39.7082604213859,3790.50313755934,1520.34632034633,0.654392886217045,2.22901343278428,0.382442135616176,0.889706724103618,67.1985945592685,4.67950338602369,0.159472237964751,0.264191977169962,0.105802927611816,6.96242764359585,67.1985945592685,4.67950338602369
2020-05-07,33731,219,7798,28734.7142857143,192.571428571429,5134.57142857143,1568.28571428571,8.14285714285717,662.142857142857,NA,34934.2108698645,56994.4835971373,2345.69348323753,881.588744588746,57204.3064706077,26870.2102851262,94504.3394376407,37841.233915631,99,39.5070495073908,3969.63512547888,1584.12698412698,0.649254395066852,2.05694753868221,0.384247713424322,0.888355040129142,66.8580837817382,4.68534647966371,0.166317274946751,0.275775885908732,0.110425615046479,7.00661938458368,66.8580837817382,4.68534647966371
2020-05-08,35432,229,9120,30354,201.142857142857,5929.57142857143,1619.28571428571,8.57142857142856,795,NA,36456.0587966212,59427.9938615562,2433.51026441897,903.090909090908,59781.5216433607,28052.153172648,98622.5875774266,39476.8760512732,99,39.3197704296147,4118.24813978595,1635.64213564213,0.646308421765636,1.91856979342672,0.385340283458802,0.883438362595424,66.5411499578095,4.63609074285175,0.173418572654683,0.287793466645232,0.115198630356363,6.96598034941788,66.5411499578095,4.63609074285175
2020-05-09,37136,239,10144,32022.1428571429,210.142857142857,6840.85714285714,1668.14285714286,9,911.285714285715,NA,38104.8874553941,61945.9091004157,2517.91523885947,860.086580086583,62574.1217911741,29304.2147009276,102883.674904727,41161.8688362659,99,39.1482907767491,4261.08732730064,1684.99278499279,0.643580353295993,1.80674797646683,0.385820473814624,0.875324277613015,66.2509536221908,4.57659993282528,0.180766174995185,0.300227870606081,0.12011565724419,6.90671268912052,66.2509536221908,4.57659993282528
2020-05-10,39048,246,11457,33741.7142857143,219,7887,1719.57142857142,8.85714285714286,1046.14285714286,NA,39734.2831302193,64551.7593206955,2605.85022027975,967.597402597399,65333.241944175,30555.3757312089,107293.575277508,42898.8096732068,99,38.9934303093331,4409.90037278111,1736.94083694083,0.6299938537185,1.71468838083307,0.381089535883698,0.854577893824904,65.9888820619483,4.5135557462472,0.188370382985203,0.313096530281496,0.125184275266694,6.83862463399263,65.9888820619483,4.5135557462472
2020-05-11,41014,255,12737,35507.1428571429,228.142857142857,9067.14285714286,1765.42857142857,9.14285714285714,1180.14285714286,NA,41399.4265694876,67236.6473487083,2684.88802801287,1010.60173160173,68152.8583139257,31831.3748306892,111837.231940299,44682.070856468,99,38.8547969719206,4543.65666279098,1783.26118326119,0.621738918418101,1.63778074043688,0.379257458625945,0.839567933361104,65.7542717986348,4.44389730988799,0.196205233521136,0.326355508111537,0.13038806205095,6.75710700307291,65.7542717986348,4.44389730988799
2020-05-12,42925,264,15257,37317.7142857143,237.285714285714,10470.8571428571,1810.57142857143,9.14285714285714,1403.71428571429,NA,43120.6471835388,69999.1147160064,2762.46736729804,1032.1038961039,71067.2756168257,33142.3744943505,116512.176715727,46510.930885328,99,38.729258109918,4674.94477542747,1828.86002886003,0.615026208503203,1.57122046275801,0.377147626896533,0.824328046665744,65.5418214167843,4.37421926369399,0.204266470603411,0.339997601635386,0.135724912164534,6.67271891474471,65.5418214167843,4.37421926369399
2020-05-13,44830,273,17622,39159.4285714286,246.428571428571,12019.2857142857,1841.71428571429,9.14285714285714,1548.42857142857,NA,44811.8886882887,72817.6116320116,2818.49691600526,1118.11255411255,73930.5634380507,34442.438463798,121281.940727428,48371.2483456455,99,38.6122726658214,4769.76401170121,1860.31746031747,0.608967209457952,1.51192448265888,0.374909302683014,0.810473857985771,65.3438460498516,4.27185121912822,0.212491209155816,0.353916389954842,0.141153559131895,6.53630476372166,65.3438460498516,4.27185121912822
2020-05-14,46869,283,19051,41036.2857142857,255.571428571429,13626.8571428571,1876.85714285714,9.14285714285717,1607.57142857143,NA,46458.130487059,75698.6196645482,2881.00803253657,1225.62337662338,76717.2034052005,35725.0088616541,126157.49278249,50267.0636414608,99,38.4952744153056,4875.55205506188,1895.81529581529,0.603810621092833,1.45857452671743,0.373850938437305,0.80018951102033,65.1458490105172,4.18906508935938,0.220898363231606,0.368143881467716,0.146685793374617,6.42911539073225,65.1458490105172,4.18906508935938
2020-05-15,49176,292,21869,42999.7142857143,264.571428571429,15448.1428571429,1963.42857142857,8.99999999999997,1821.28571428571,NA,48183.3355759968,78722.9546236158,3024.33495906765,1290.12987012987,79637.077951315,37063.3731598455,131275.598097835,52250.3248247219,99,38.3624105104236,5118.1053153453,1983.26118326119,0.593785586464942,1.40647189714225,0.370921037448465,0.787423990503576,64.9210024022554,4.22700371510562,0.229723763817279,0.383079174766548,0.152473206027378,6.50980770720011,64.9210024022554,4.22700371510562
2020-05-16,52016,302,23666,45125.4285714286,273.571428571429,17379.8571428571,2125.71428571429,9,1931.71428571428,NA,50108.3781972093,82011.6336084647,3288.67898484887,1354.63636363636,82894.8423872131,38533.8675777083,136841.054841426,54397.5109719081,99,38.1947858666304,5565.45674359039,2147.18614718615,0.580590587511535,1.36261109016003,0.36824043945008,0.777865551411185,64.6373299281438,4.41252679745208,0.239320554461105,0.399319897394562,0.158738972927341,6.82534520604499,64.6373299281438,4.41252679745208
2020-05-17,54752,312,25722,47368.8571428571,283,19417.7142857143,2243.42857142857,9.42857142857144,2037.85714285714,NA,52257.3359555853,85503.1541374034,3491.52052893872,1333.1341991342,86531.9357365527,40133.4350244637,142749.781890399,56663.6004379976,99,37.9680522189365,5908.72704897323,2266.08946608947,0.569842197545295,1.32230632651154,0.364898819403336,0.768378268419913,64.2536268320464,4.47796987307157,0.249509262966623,0.41656232717313,0.165351715091119,6.96793760755397,64.2536268320464,4.47796987307157
2020-05-18,57345,320,28748,49701.8571428571,292.285714285714,21705,2333,9.28571428571428,2287.28571428571,NA,54532.5978263885,89163.8402506309,3660.68611322749,1376.13852813853,90382.4778036263,41802.4249560025,148944.789158938,59020.1660945632,99,37.6593585587555,6195.00726853881,2356.56565656565,0.558025983084837,1.28460297229251,0.358889880808757,0.754199465338876,63.7312221763554,4.46525687959146,0.260191618527399,0.434640159660596,0.172228478481125,7.00511429885901,63.7312221763554,4.46525687959146
2020-05-19,59854,329,31634,52120.2857142857,301.571428571429,24044.5714285714,2418.42857142857,9.28571428571428,2339.57142857143,NA,56983.164489823,92999.8311564896,3835.99090585869,1376.13852813852,94529.6895197681,43557.7063738328,155436.466076545,61463.0232374204,99,37.2542965727269,6491.67691760705,2442.85714285715,0.549670865773382,1.25148951558878,0.353764083126555,0.742757917574692,63.0457326615379,4.43563334135498,0.271385536147436,0.453583712556044,0.179357051589289,7.0343080263131,63.0457326615379,4.43563334135498
2020-05-20,62545,339,33478,54651,311,26309.7142857143,2530.71428571428,9.42857142857144,2265.14285714286,NA,59666.8096317726,97069.0433980063,4069.2122415167,1376.13852813853,99071.4406391114,45426.2648479402,162322.825254496,64019.3002936974,99,36.7496701859104,6886.35917795132,2556.27705627705,0.542009752977856,1.22157193919636,0.349235954257856,0.733740570310366,62.1917495453868,4.44195847566844,0.28326002379036,0.473678999336377,0.186816598674829,7.14107803234313,62.1917495453868,4.44195847566844
2020-05-21,65077,351,36040,57252.1428571429,320.714285714286,28736.7142857143,2601.14285714286,9.71428571428572,2427,NA,62531.4629929382,101319.549573025,4250.5061750185,1376.13852813853,103919.711162403,47365.6775789018,169515.989550681,66646.7173211145,99,36.1613157998123,7193.16429618513,2627.41702741704,0.53936106458503,1.18734695388651,0.346428701547889,0.728413725567205,61.1960728919901,4.36022047919022,0.295663550580256,0.494669583134663,0.194483741397579,7.12373629703021,61.1960728919901,4.36022047919022
2020-05-22,67719,364,39003,59901.1428571429,331,31184.4285714286,2649,10.2857142857143,2447.71428571429,NA,65573.2803597609,105726.28901777,4406.7394447447,1354.63636363636,109068.292200762,49363.4577110503,176973.548611018,69322.474896872,99,35.5210059828909,7457.5590603372,2675.75757575757,0.537515320663329,1.15508096035734,0.3442852325393,0.724269512111687,60.1124716633539,4.23700828906982,0.308522986258819,0.516431705052231,0.202291948092876,7.04723547767043,60.1124716633539,4.23700828906982
2020-05-23,70161,379,41236,62493.2857142857,342,33694.4285714286,2592.14285714286,11,2510,NA,68599.6321823704,110118.277204015,4391.98818624589,1354.63636363637,114191.195285178,51303.0921000531,184406.144003127,71940.8010151981,99,34.8753392374229,7432.5953921084,2618.32611832612,0.540186143298984,1.1305411391359,0.344175380893246,0.723158962654189,59.0198048633311,3.95372615220104,0.321339375857118,0.538120979757044,0.209932562367057,6.69783204706202,59.0198048633311,3.95372615220104
2020-05-24,72560,390,43520,65037.2857142857,353.142857142857,36237,2544,11.1428571428572,2542.57142857143,NA,71556.5045688291,114505.43530476,4387.15810074439,1419.14285714286,119196.319983141,53162.1596390305,191830.565404386,74510.4979848951,99,34.2652964117628,7424.42140125975,2569.69696969699,0.537486218302095,1.10571374896004,0.340595185688787,0.71364800425985,57.9874246968293,3.7090984473167,0.334141670641187,0.559786401699316,0.217431270495723,6.3953084895284,57.9874246968293,3.7090984473167
2020-05-25,74795,399,45668,67530.1428571429,364.428571428571,38654.1428571429,2492.85714285714,11.2857142857143,2417.14285714286,NA,74516.6060580644,118874.463200921,4369.02789616169,1397.64069264069,124207.10711877,54980.0231506233,199224.304920968,77028.5355029326,99,33.7157826194258,7393.73951658129,2518.03751803751,0.533458118858212,1.08039658304993,0.335648203370316,0.700067751855271,57.0574782790283,3.48433329718368,0.346891059143278,0.581362289933623,0.224779229662682,6.1057033493848,57.0574782790283,3.48433329718368
2020-05-26,76726,411,48450,69940.4285714286,376.142857142857,41056.4285714286,2410.28571428571,11.7142857142857,2402.28571428572,NA,77393.9408935422,123161.153014754,4286.68981383281,1397.64069264069,129078.124312875,56714.0526073821,206478.703067454,79463.1675375647,99,33.2251644535548,7254.39814648632,2434.63203463203,0.535672392670021,1.06159081379221,0.333709120075194,0.691593259832172,56.227201382939,3.23508029734375,0.359400174471318,0.602531562027229,0.231883800841188,5.75266378945461,56.227201382939,3.23508029734375
2020-05-27,78541,425,51022,72225.5714285714,388.428571428571,43562.7142857143,2285.14285714287,12.2857142857143,2506.28571428571,NA,80082.6387417121,127281.279434353,4120.1264195985,1419.14285714286,133630.206385602,58310.5054277447,213451.224700621,81771.3926457898,99,32.7735499058614,6972.5216331667,2308.22510822513,0.541118651404999,1.04596233150736,0.333906134420341,0.686082432515544,55.4629306099194,2.95307223972748,0.371423236271253,0.62287828199635,0.238619500258648,5.32357749460757,55.4629306099194,2.95307223972748
2020-05-28,80185,441,54553,74383.8571428571,401.285714285714,46207.4285714286,2158.28571428571,12.8571428571428,2644.71428571429,NA,82551.7070627133,131225.352084358,3944.07265000558,1462.14718614719,137810.805522242,59757.0517285617,220125.809185246,83951.4792258764,99,32.3358812710727,6674.58448462479,2180.08658008657,0.549978175469227,1.02767290075219,0.336063110515796,0.683172704571995,54.7222606125846,2.69548114466957,0.382932550400277,0.642355582830082,0.244981274877239,4.92500336149794,54.7222606125846,2.69548114466957
2020-05-29,81766,458,57013,76390.5714285714,414.714285714286,48780.2857142857,2006.71428571429,13.4285714285714,2572.85714285714,NA,84707.3809257397,134942.610362969,3717.2582786108,1548.15584415584,141461.044806924,61007.5310220334,226416.553964433,85978.4633528605,99,31.89947066925,6290.74477918749,2026.98412698414,0.560135019445735,1.01115298608837,0.339403542563813,0.681176141375227,53.9837195941153,2.43121472750415,0.393779990856827,0.660712789756552,0.25089627673502,4.50294537917532,53.9837195941153,2.43121472750415
2020-05-30,83384,480,58883,78279.5714285714,429.142857142857,51301.2857142857,1889,14.4285714285714,2521,NA,86583.9053847078,138489.230060033,3546.61969706338,1655.66666666666,144639.075210013,62085.1155895128,232418.525759463,87886.5441609413,99,31.4729902856943,6001.97179503032,1908.08080808081,0.575650004797083,0.999750395207588,0.346597348972139,0.685722957993697,53.2619835604058,2.23034871864904,0.404129485861598,0.678227319764625,0.256464303328985,4.18690751420184,53.2619835604058,2.23034871864904
2020-05-31,85261,503,62442,80094,445.285714285714,54004.4285714286,1814.42857142857,16.1428571428571,2703.14285714286,NA,88339.8207802957,141938.457143932,3449.22708389955,1677.16883116883,147614.085879469,63075.0629145353,238255.679286063,89719.3002936975,99,31.0841330994711,5837.15352659923,1832.75613275613,0.589953202519323,0.993276186227335,0.354378940085234,0.690766956958081,52.6039175529511,2.09586418428711,0.41419477662415,0.695260888747406,0.26181252277767,3.98368157289049,52.6039175529511,2.09586418428711
2020-06-01,87142,525,64306,81857.8571428571,463.285714285714,56667,1763.85714285714,18,2662.57142857143,NA,90010.2178527223,145325.52521203,3387.06806809761,1698.670995671,150445.560045993,64001.4725642006,243987.640632074,91500.9741753714,99,30.7723139843667,5731.96134601135,1781.67388167391,0.602464942278121,0.988469381223654,0.361257940911637,0.693539726782987,52.0762236658514,1.99694326020771,0.424078679338788,0.71198749334141,0.267011677610589,3.83413509126464,52.0762236658514,1.99694326020771
2020-06-02,89011,549,65790,83612.8571428571,483,59144.1428571429,1755,19.7142857142857,2477.14285714286,NA,91619.484095647,148717.683229846,3392.15801781646,1763.17748917749,153174.472149404,64885.4264749515,249728.215739148,93273.7014480986,99,30.5718498106112,5740.57510707402,1772.72727272726,0.616777701632383,0.982186432406052,0.369155831422891,0.697382361504134,51.7369766025728,1.95003574962959,0.433977435185053,0.728739234004319,0.272184725081426,3.76863660453174,51.7369766025728,1.95003574962959
2020-06-03,91182,579,68159,85418.7142857143,505,61592.2857142857,1805.85714285714,22,2448.14285714286,NA,93246.2917393779,152215.677020763,3497.99379091701,1849.18614718614,155934.25651352,65776.0723971162,255647.897539161,95097.7995721968,99,30.5059833258785,5919.68180001338,1824.09812409813,0.634993748766204,0.970855121501077,0.380381319015531,0.705997398813233,51.6255102437944,1.97129345541033,0.444185033506291,0.746013631163338,0.277507679340998,3.81795840201987,51.6255102437944,1.97129345541033
2020-06-04,93157,611,68965,87271.8571428571,529.285714285714,63651.1428571429,1853.14285714286,24.2857142857143,2058.85714285714,NA,94868.2333305767,155797.099131442,3581.4221106793,1935.19480519481,158686.992832692,66669.8028270872,261708.765726465,96969.6610440582,99,30.5755347233073,6060.86818730345,1871.86147186147,0.655882005646382,0.966696585121483,0.392176750020559,0.714593521331534,51.7432126086739,1.9876115677478,0.454636086455425,0.763700028461872,0.282970013227175,3.84081988020427,51.7432126086739,1.9876115677478
2020-06-05,95748,642,70616,89269.2857142857,555.571428571429,65594.4285714286,1997.42857142857,26.2857142857142,1943.28571428571,NA,96657.2896749211,159633.644653276,3836.54552183361,2021.20346320346,161723.527745099,67664.8832771301,268201.381224952,98987.2656616628,99,30.7646213131496,6492.61549848758,2017.60461760461,0.670510088983582,0.968822789382559,0.402170859028134,0.720022823372569,52.0632052991762,2.10573208969284,0.465831622516613,0.782646320257728,0.288857644463417,4.04407817784994,52.0632052991762,2.10573208969284
2020-06-06,98869,676,71791,91481.4285714286,583.571428571429,67438.4285714286,2212.14285714286,28,1844,NA,98668.7388044091,163844.812397483,4211.16774420658,2171.71861471862,165136.914184013,68800.944588417,275327.972792071,101221.753396151,99,31.0406852463581,7126.59156711888,2234.48773448775,0.683733020461419,0.974991527001418,0.412585537563462,0.72688304010198,52.5303904169137,2.28891492904368,0.478120354677269,0.803442636221915,0.295378168686933,4.35680304958853,52.5303904169137,2.28891492904368
2020-06-07,101914,712,72817,93860.4285714286,613.428571428571,68920.5714285714,2379,29.8571428571429,1482.14285714287,NA,100690.77402545,168326.449350125,4481.63695264232,2429.74458874458,168568.314448191,69976.5119483753,282912.281481158,103624.783699181,99,31.367394149227,7584.30868908705,2403.0303030303,0.698628255195557,0.980779553007549,0.42298759508615,0.733498523397031,53.0832824063842,2.41137261221491,0.49119835097131,0.825574629950292,0.302390521925178,4.54210422363487,53.0832824063842,2.41137261221491
2020-06-08,105283,746,74524,96452,645,70380.2857142857,2591.57142857143,31.5714285714286,1459.71428571428,NA,102779.055138264,173155.574618783,4829.12526865822,2709.27272727274,172111.724243503,71227.3059789062,291084.647320426,106242.53261693,99,31.7113976483909,8172.36583926767,2617.74891774893,0.70856643522696,0.991133580220354,0.430826441275358,0.736284362833976,53.6654421742,2.57407641578527,0.5052903631165,0.849422650503691,0.310029451853419,4.79599577557885,53.6654421742,2.57407641578527
2020-06-09,108571,783,76339,99246.2857142857,678.428571428571,71887.2857142857,2794.28571428571,33.4285714285714,1507,NA,104930.36046876,178307.607222006,5152.03260322326,2967.2987012987,175761.889308298,72553.8253943279,299803.471725881,109065.043439441,99,32.0488816420884,8718.82440545474,2822.51082251084,0.721187057317331,1.00182898658954,0.439128768648163,0.740591585379867,54.236568932765,2.71902188391404,0.520324660629601,0.874865307833554,0.318265903504176,5.01272617878465,54.236568932765,2.71902188391404
2020-06-10,112288,819,77954,102261.428571429,712.714285714286,73286.5714285714,3015.14285714286,34.2857142857142,1399.28571428572,NA,107089.415587321,183812.281388187,5504.67416618028,3311.33333333333,179424.180388061,73933.0031872951,309119.074160955,112110.64228504,99,32.3665901175698,9315.60243507434,3045.59884559884,0.729374465659732,1.01582686352003,0.445563263681159,0.743745743935536,54.7742294297334,2.87376976152169,0.53638801183496,0.902049440642623,0.327153354861072,5.24602616591521,54.7742294297334,2.87376976152169
2020-06-11,116021,857,80019,105527.714285714,747.857142857143,74865.7142857143,3266.28571428572,35.1428571428572,1579.14285714286,NA,109308.480418406,189721.857041783,5909.57565359626,3655.36796536797,183187.037354953,75395.4309883996,319119.89449781,115409.920784318,99,32.6601779080939,10000.8203368552,3299.2784992785,0.738659380629369,1.03067412190896,0.451713900213016,0.748436087526385,55.271070306005,3.05036481234698,0.553632917951579,0.931233127916901,0.336781076258972,5.51835643250623,55.271070306005,3.05036481234698
2020-06-12,119942,893,81029,108984,783.714285714286,76353.2857142857,3456.28571428571,35.8571428571428,1487.57142857142,NA,111518.560851914,195924.192886546,6202.33584476259,3956.39826839826,186933.799846822,76900.6877558594,329616.155158178,118901.118475516,99,32.9287336330756,10496.2606603675,3491.1976911977,0.74452652115189,1.04781641247983,0.455788530677838,0.751212645638325,55.7255492252049,3.16227061073144,0.571732136172363,0.961862574136689,0.346968842682205,5.67415796196375,55.7255492252049,3.16227061073144
2020-06-13,123308,932,82548,112475.285714286,820.285714285714,77890,3491.28571428571,36.5714285714287,1536.71428571429,NA,113486.685067481,202143.312773109,6219.11988656351,4214.42424242424,190270.405662179,78313.4043959445,340140.819581593,122427.669702067,99,33.1724183672624,10524.6644234152,3526.55122655122,0.755830927433743,1.0691104896459,0.461059031443746,0.75673211656954,56.1379387753671,3.13098348609461,0.589880332398012,0.992574906210865,0.357259775294314,5.57675766173304,56.1379387753671,3.13098348609461
2020-06-14,127541,972,84720,116136.285714286,857.428571428571,79590.4285714286,3661,37.1428571428571,1700.42857142857,NA,115434.969541399,208622.692485122,6479.37971201335,4493.9523809524,193572.546420238,79759.2005204549,351105.923709616,126125.649500047,99,33.3877358322927,10965.1041280226,3697.9797979798,0.762107871194361,1.09169551117069,0.465912882448929,0.763662970956639,56.5023221777261,3.22624169218149,0.608788000456986,1.02457249831067,0.368050958650856,5.70937437124063,56.5023221777261,3.22624169218149
2020-06-15,132048,1011,87890,119959.857142857,895.285714285714,81499.8571428571,3823.57142857143,37.8571428571429,1909.42857142858,NA,117375.865330733,215353.423772291,6730.73128716892,4751.97835497835,196861.490942846,81241.3165464506,362496.392041748,129987.84286224,99,33.5681669715485,11390.468332132,3862.19336219336,0.765630679752817,1.11652517838213,0.469460843617236,0.770430396216485,56.8076671826206,3.31263493182904,0.628429144922711,1.05781135817574,0.37932133842757,5.83075589131162,56.8076671826206,3.31263493182904
2020-06-16,136315,1052,89540,123923.285714286,933.714285714286,83385.7142857143,3963.42857142857,38.4285714285713,1885.85714285714,NA,119254.606061743,222302.099568236,6948.67579594505,5031.5064935065,200044.359872248,82726.353326713,374255.689542578,133991.306065703,99,33.7046372978385,11759.2975008301,4003.46320346322,0.771741921285258,1.14193464974963,0.473229898432464,0.779590669819063,57.0386169655728,3.37702116328611,0.648706279654538,1.09212650926037,0.391003961873307,5.92002093136063,57.0386169655728,3.37702116328611
2020-06-17,141234,1091,91662,128058.428571429,972.571428571429,85344,4135.14285714286,38.8571428571429,1958.28571428571,NA,121286.877595356,229533.747725226,7231.64815698989,5160.51948051946,203486.753456605,84320.8206204886,386493.863346714,138168.218042615,99,33.788888140689,12238.1738041367,4176.911976912,0.772476882337114,1.16637655733885,0.475311369596958,0.787786891101259,57.1811953150122,3.46782201911012,0.669809164336252,1.12783908333712,0.40319273127427,6.06404095892596,57.1811953150122,3.46782201911012
2020-06-18,145991,1139,93915,132339.857142857,1012.85714285714,87329.1428571429,4281.42857142857,40.2857142857143,1985.14285714286,NA,123438.68432872,237015.372640409,7481.6249151825,5289.53246753248,207131.832983397,85998.0330020919,399155.074741639,142492.893367291,99,33.8153154377072,12661.2113949243,4324.67532467534,0.780185079902186,1.18794893662653,0.480559546543865,0.802460462737736,57.225918433043,3.53033749875532,0.691641513530998,1.16478613582053,0.41581269323609,6.16853617103006,57.225918433043,3.53033749875532
2020-06-19,150292,1184,95764,136675.571428571,1054.42857142857,89434.1428571429,4335.71428571429,41.5714285714284,2105,NA,125583.426058784,244598.729089087,7583.3564486783,5397.04329004328,210765.351955153,87675.8023171545,411988.447193248,146872.4027468,99,33.7846836602217,12833.3724516095,4379.50937950937,0.78779974982035,1.21001190175641,0.484058116086436,0.814722670551196,57.1740800403752,3.51277711076783,0.713770728498697,1.2022355765351,0.428592668062291,6.14341969854735,57.1740800403752,3.51277711076783
2020-06-20,154233,1230,98917,141093.428571429,1097,91772.5714285714,4417.85714285716,42.5714285714287,2338.42857142858,NA,127782.08778122,252344.516352649,7745.78726356148,5504.55411255413,214490.317946968,89382.5528081005,425096.702562352,151334.884709282,99,33.7028614293706,13108.255369104,4462.48196248198,0.797494699577911,1.23243194661334,0.487428860265419,0.827070441985712,57.0356116497042,3.51819937258791,0.736373937593436,1.24048716115697,0.44161476761749,6.16784197298119,57.0356116497042,3.51819937258791
2020-06-21,157612,1267,101130,145389.285714286,1139.14285714286,94116.8571428571,4295.85714285713,42.1428571428571,2344.28571428571,NA,129708.325597905,259903.459797039,7558.94344439034,5590.56277056276,217753.566559819,90924.1064215714,437888.760699013,155674.134348532,99,33.5822202882716,12792.0581366606,4339.24963924964,0.803872801563333,1.24930672407148,0.487488700992827,0.832371556464038,56.8314497186134,3.36217875463174,0.758431912256983,1.27781604135682,0.454277259314316,5.91549533713384,56.8314497186134,3.36217875463174
2020-06-22,161005,1307,105175,149526,1181.42857142857,96586.1428571429,4136.71428571429,42.2857142857142,2469.28571428571,NA,131278.553790043,267214.047296537,7310.58749949775,5698.07359307361,220413.941742119,92251.7754100599,450260.524159701,159852.633627031,99,33.4367392236263,12371.7634606885,4178.49927849928,0.811776031800255,1.26821234199102,0.489120992411592,0.838911640387677,56.5852509938291,3.18954318377596,0.77976515215035,1.31391844733021,0.466470660666616,5.63617444431481,56.5852509938291,3.18954318377596
2020-06-23,164144,1346,109885,153501.571428571,1223.42857142857,99492.5714285714,3975.57142857142,42,2906.42857142858,NA,132511.073582068,274272.649339644,7058.60204310698,5784.08225108223,222502.216994556,93374.5664243923,462205.85069419,163868.36234276,99,33.281396009503,11945.3265344887,4015.72871572871,0.820011697046496,1.27775887896204,0.490752542494017,0.843180648367397,56.3223624776205,3.02863184902172,0.800363065889533,1.34877645519652,0.478189076463596,5.37681276897365,56.3223624776205,3.02863184902172
2020-06-24,167267,1387,112797,157220.571428571,1265.71428571429,102511.857142857,3719,42.2857142857144,3019.28571428571,NA,133253.646372961,280906.096589411,6633.44724976725,5848.58874458875,223761.252267056,94206.1138210224,473431.684501488,167624.927999325,99,33.1289422580096,11225.8338072984,3756.56565656568,0.829213174146723,1.28019327161627,0.493759308480699,0.846532752367636,56.0643638212471,2.80682040088323,0.819720322951157,1.38153489022388,0.489151220933135,5.00595691397744,56.0643638212471,2.80682040088323
2020-06-25,170639,1428,117882,160741.714285714,1307,105935.714285714,3521.14285714287,41.2857142857142,3423.85714285714,NA,133455.91751633,287213.263836676,6307.1672472654,6063.6103896104,224104.249586604,94732.8227036185,484105.352150707,171181.637956035,99,32.9890621749001,10673.6676492185,3556.70995670996,0.836854411945686,1.28245383362443,0.497191522746676,0.848351524976155,55.8276436806002,2.64268335916487,0.838125452763602,1.4126820329834,0.499530160620654,4.73320424539259,55.8276436806002,2.64268335916487
2020-06-26,174577,1474,120471,164211,1348.42857142857,109465.285714286,3469.28571428571,41.4285714285713,3529.57142857142,NA,133394.294044449,293450.198806353,6236.93496967707,6257.12987012984,223999.864810014,95111.6232439303,494660.165176314,174685.966960364,99,32.8692294772896,10554.8130256073,3504.32900432902,0.844326572228873,1.2807657185192,0.502299881204949,0.851257606487771,55.6248498846439,2.59981755268391,0.856325635706025,1.44348234257827,0.509756245914041,4.67340458613527,55.6248498846439,2.59981755268391
2020-06-27,178504,1511,122128,167678.285714286,1388.57142857143,112781.142857143,3467.28571428571,40.1428571428573,3315.85714285714,NA,133198.371963515,299702.064604208,6251.86579785473,6407.64502164503,223666.623046676,95415.5013265829,505240.245757299,178188.275762673,99,32.7718270928607,10580.0805809849,3502.30880230881,0.846479630708555,1.27895241691744,0.504167364344137,0.847411966063058,55.4600150802257,2.59951953621943,0.87456938873626,1.4743563861679,0.519976435996634,4.68675653830555,55.4600150802257,2.59951953621943
2020-06-28,182493,1551,124755,171232.714285714,1429.14285714286,116156.142857143,3554.42857142858,40.5714285714284,3375,NA,133238.263311271,306125.665908674,6423.6013044655,6343.13852813854,223733.043569252,95838.7687700834,516110.955657164,181778.607653005,99,32.6972994787842,10870.7098998646,3590.3318903319,0.849895612434449,1.272747628547,0.506654675750941,0.843795631220363,55.3338914256348,2.6687730343914,0.89331428818749,1.50607852370075,0.530453488835208,4.82258244584626,55.3338914256348,2.6687730343914
2020-06-29,186436,1599,127118,174865.714285714,1470.85714285714,119290.857142857,3633,41.7142857142858,3134.71428571429,NA,133408.73962574,312702.497201498,6576.83129282447,6364.64069264068,224021.146343189,96329.6601543883,527240.97784502,185448.304622702,99,32.641444362651,11130.0221878568,3669.69696969699,0.857666974189534,1.26775078895816,0.511348650653609,0.842812749638987,55.2393673829478,2.72694980560428,0.912506332563905,1.53855736803007,0.541162139240648,4.93614306384322,55.2393673829478,2.72694980560428
2020-06-30,190823,1649,130766,178677,1514.14285714286,122273.857142857,3811.28571428571,43.2857142857142,2983,NA,133952.465894968,319611.145548648,6908.64834714954,6321.63636363635,224942.188601003,97020.263253044,538932.536586351,189298.088172486,99,32.5986106609783,11691.5587413301,3849.78354978355,0.864151595981617,1.26239587229065,0.515939454229392,0.841652057209133,55.1668795801171,2.85711554518359,0.932666662022894,1.57267484865297,0.552396305579634,5.17855754168039,55.1668795801171,2.85711554518359
2020-07-01,194225,1698,132760,182528.142857143,1558.57142857143,125125.714285714,3851.14285714287,44.4285714285716,2851.85714285714,NA,134532.188563895,326599.937481644,6988.79193299613,6364.64069264074,225924.741249516,97728.7866719811,550759.722934498,193188.131462529,99,32.5617838747096,11827.1863481472,3890.04329004334,0.874243789419488,1.26396618919407,0.51990212034117,0.839998106643221,55.1045573264316,2.87527388001163,0.953060860831359,1.60718810817499,0.563747955047994,5.21736713564947,55.1045573264316,2.87527388001163
2020-07-02,197608,1752,137669,186380.857142857,1604.85714285714,127952.428571429,3852.71428571426,46.2857142857142,2826.71428571428,NA,135271.587600079,333599.747773239,6999.81029159529,6214.12554112551,227179.493464597,98511.228219573,562605.555735659,197079.762054159,99,32.5237942353581,11845.8328011615,3891.63059163056,0.886603781223432,1.25830685258634,0.52518025319099,0.839793590586959,55.0402671675291,2.86404995521528,0.973487212635357,1.64175578045868,0.575104236467691,5.20307471863568,55.0402671675291,2.86404995521528
2020-07-03,201801,1802,140614,190270,1651.71428571429,130830,3889.14285714287,46.8571428571429,2877.57142857143,NA,136064.914059218,340675.559080863,7075.81130762404,6235.6277056277,228525.804175667,99319.2965939722,574580.005640869,201008.189182587,99,32.478676581634,11974.4499052097,3928.42712842714,0.892958905059935,1.25084384898998,0.52894901086,0.836764035804411,54.9639142150729,2.87532487192768,0.994135345234291,1.67669877408764,0.586567894941118,5.23081855780623,54.9639142150729,2.87532487192768
2020-07-04,205929,1858,143256,194187.857142857,1701.28571428571,133848.285714286,3917.85714285713,49.5714285714284,3018.28571428571,NA,137113.804361615,347816.12903694,7140.56995607662,6042.10822510824,230307.376775328,100249.039544422,586664.047104999,204965.620640018,99,32.4217452785719,12084.0414641298,3957.43145743146,0.902252718169855,1.2480546633061,0.53419029334395,0.835799573467222,54.8675689329679,2.87966277020011,1.01497245194546,1.71196157006039,0.598116191798072,5.2479142073091,54.8675689329679,2.87966277020011
2020-07-05,209509,1916,145236,198047.285714286,1753.42857142857,136774.142857143,3859.42857142858,52.1428571428571,2925.85714285716,NA,138004.953108653,354866.035359735,7049.90632279549,6106.6147186147,231823.485643942,101085.397463028,598594.657805114,208864.033338431,99,32.3489607400505,11930.6107001153,3898.41269841272,0.914519185333327,1.24150599107054,0.5399220576457,0.834735640832055,54.744395098547,2.81501349317244,1.03554499044804,1.74677663521861,0.609492264282575,5.14164591641154,54.744395098547,2.81501349317244
2020-07-06,213716,1968,149634,201944.428571429,1806.14285714286,139990.714285714,3897.14285714287,52.7142857142858,3216.57142857142,NA,138812.413229554,362004.841800982,7138.80644124711,6278.63203463206,233197.572002389,101874.492939815,610675.714859532,212800.541274939,99,32.2582936210673,12081.0570544181,3936.50793650796,0.920848228490146,1.23716041204106,0.54363913758975,0.830325889023991,54.5909584356524,2.82416313894329,1.05637695099484,1.7820307222978,0.620979503599173,5.17286248097679,54.5909584356524,2.82416313894329
2020-07-07,217108,2017,154839,205699.428571429,1858.71428571429,143429.714285714,3755,52.5714285714287,3439,NA,139146.630469,368906.786313155,6901.94451217318,6515.15584415584,233769.598979034,102403.57153457,622355.928649364,216593.470567868,99,32.1483841611616,11680.2137898315,3792.9292929293,0.929030712824954,1.23673534566995,0.546750581673448,0.824615895393869,54.4049578111965,2.70532350734711,1.07651771779628,1.81611509688485,0.632047761862985,4.97213783090094,54.4049578111965,2.70532350734711
2020-07-08,220144,2059,158050,209402.142857143,1910.28571428571,147042.571428571,3702.71428571429,51.5714285714284,3612.85714285713,NA,139241.132601838,375740.033034739,6833.24672158348,6687.17316017317,233934.470720322,102796.050025169,633919.884639736,220333.586007983,99,32.0194429034242,11563.9559903722,3740.11544011545,0.935296896576786,1.23857132668477,0.547985260811864,0.815947986411788,54.1867495288717,2.66124338127546,1.09645801555923,1.849860216176,0.642961902473209,4.91082442927416,54.1867495288717,2.66124338127546
2020-07-09,223327,2100,161096,213076.285714286,1960,150389.285714286,3674.14285714284,49.7142857142858,3346.71428571429,NA,139036.55434961,382551.870366926,6811.83733218734,6966.70129870129,233590.634996771,103023.747971333,645447.609355745,224044.841419239,99,31.8722293224122,11527.7247160092,3711.25541125541,0.94032517340044,1.2435601350151,0.548945166046575,0.807992322087559,53.9376188533129,2.63891309643699,1.11633583795478,1.88349960792232,0.653791825786391,4.89211571674432,53.9376188533129,2.63891309643699
2020-07-10,226486,2151,163026,216602.714285714,2009.85714285714,153591,3526.42857142858,49.8571428571429,3201.71428571429,NA,138505.651591164,389123.534708047,6571.66434112092,7052.70995670996,232694.261097862,103059.703585477,656568.887471488,227606.890481288,99,31.7088425874058,11121.2781157431,3562.04906204907,0.949727576980476,1.24831970613158,0.552780751648409,0.804972650862535,53.6611182248405,2.53654282341495,1.13551280449782,1.91595293591822,0.664186345673863,4.72657307415454,53.6611182248405,2.53654282341495
2020-07-11,229480,2181,165396,219967.142857143,2056,156753.857142857,3364.42857142858,46.1428571428571,3162.85714285713,NA,137303.134065908,395428.411122185,6304.87641413778,7461.25108225105,230656.857813362,102734.36977476,667238.678326183,231005.303179701,99,31.5322822841297,10669.7908546947,3398.41269841272,0.95040962175353,1.25255872892095,0.551553691807462,0.795194127176412,53.3623238654503,2.42929044854702,1.15391124936289,1.94708876568989,0.674103353487104,4.55207158820369,53.3623238654503,2.42929044854702
2020-07-12,232259,2223,167138,223217.142857143,2099.85714285714,159882.714285714,3250,43.8571428571427,3128.85714285716,NA,135537.417780321,401554.842022745,6126.43090055988,7848.29004329004,227662.986297094,102104.968197223,677606.484465592,234288.131462529,99,31.3470367433516,10367.806139409,3282.8282828283,0.957121144928722,1.25539236242483,0.553598106002688,0.791367658797833,53.0488314118257,2.36721750293632,1.17178896713876,1.97734336500289,0.683683071025689,4.4619745515926,53.0488314118257,2.36721750293632
2020-07-13,235111,2243,169842,226273.571428571,2139.14285714286,162769.571428571,3056.42857142855,39.2857142857147,2886.85714285713,NA,133360.244577568,407351.253235576,5796.41121283144,7934.29870129871,223969.242635292,101242.218227059,687415.795748845,237375.433049831,99,31.1584420472676,9809.31128325325,3087.30158730157,0.954017464091429,1.25360723934321,0.550630440482,0.780952790980949,52.7296711569144,2.25522561962204,1.18870364478025,2.0059682040885,0.692692216376812,4.27661328344493,52.7296711569144,2.25522561962204
2020-07-14,237803,2283,177560,229230,2177.14285714286,166015.428571429,2956.42857142858,38,3245.85714285716,NA,131050.157087955,412991.96228276,5640.70904718357,7912.79653679655,220049.775894628,100290.342151589,696961.611059463,240361.724536122,99,30.9709383140903,9545.81531061837,2986.29148629151,0.960038351072106,1.24709604194302,0.552795262014547,0.777985501214992,52.4123571469221,2.21705119254613,1.20516396336347,2.03382412784472,0.701406601188286,4.2296780911366,52.4123571469221,2.21705119254613
2020-07-15,240474,2325,183048,232134.285714286,2215.14285714286,169586.571428571,2904.28571428571,38,3571.14285714284,NA,128823.951626957,418566.038207044,5574.07592428371,7762.28138528136,216272.955663929,99359.9844933744,706394.662623636,243295.346469744,99,30.7884007049899,9433.05156417249,2933.62193362194,0.966840490032186,1.24094858218463,0.55546790417094,0.775770431568577,52.1034473469059,2.2163392675765,1.22142983787557,2.06135099240366,0.709967289432657,4.25339125732039,52.1034473469059,2.2163392675765
2020-07-16,243238,2370,187622,234978.714285714,2253.71428571429,173376,2844.42857142858,38.5714285714284,3789.42857142858,NA,126793.364287712,424056.775543124,5490.73733607994,7482.7532467533,212828.862804108,98506.3713045583,715686.679653925,246168.506642904,99,30.6115298988004,9292.01703028905,2873.1601731602,0.974354336082356,1.23495930567983,0.558887426563236,0.774191864300278,51.8041275210468,2.20817000208847,1.23745251960807,2.08846629995097,0.718351542439724,4.2622022277191,51.8041275210468,2.20817000208847
2020-07-17,245851,2407,191161,237745.142857143,2290.28571428571,177395.285714286,2766.42857142858,36.5714285714284,4019.28571428571,NA,124622.888433508,429427.126528747,5370.35098562296,7504.25541125541,209146.552017873,97565.3719555364,724774.965937287,248962.878937276,99,30.4394963491977,9088.28628336207,2794.3722943723,0.979048285343562,1.22845679712379,0.560514194679984,0.76974121458614,51.5129938217191,2.1820090649376,1.25312389839887,2.1149870948277,0.726505882225865,4.23551422883367,51.5129938217191,2.1820090649376
2020-07-18,248416,2447,194218,240450.285714286,2328.28571428571,181512.714285714,2705.14285714284,38,4117.42857142858,NA,122920.61604968,434708.053279117,5280.9267503703,6945.19913419912,206260.146005679,96836.5945900447,733711.918899452,251695.346469744,99,30.269185354283,8936.95296216512,2732.46753246753,0.98504122117738,1.22012845112262,0.56290652578015,0.765617855972906,51.2247752149405,2.17082848346536,1.26853432570484,2.14106627949934,0.73447957590985,4.2375255595106,51.2247752149405,2.17082848346536
2020-07-19,250920,2486,197735,243116.142857143,2365.85714285714,185883.714285714,2665.85714285716,37.5714285714284,4371,NA,121516.027015498,439942.200175671,5234.14689655451,6601.16450216447,203878.797530251,96238.1357589845,742569.70595516,254388.131462529,99,30.0961981372016,8857.78705570765,2692.78499278502,0.990754025187311,1.21810124487432,0.565074229980058,0.761175895858744,50.9320276168026,2.16892523836363,1.28380824334675,2.16691444781642,0.742337470810402,4.25815218371431,50.9320276168026,2.16892523836363
2020-07-20,253349,2523,203259,245721.571428571,2405.85714285714,190657.571428571,2605.42857142855,40,4773.85714285713,NA,120709.478103134,445088.746501403,5146.54632573121,5913.09523809532,202514.36310713,95915.3544008271,751279.245891013,257019.877494275,99,29.9146521012357,8709.53993585275,2631.74603174601,0.995859466585619,1.21748974882451,0.56685324439944,0.756295535845244,50.6247958636297,2.14425887141934,1.29882653119252,2.19233001186311,0.750017246127708,4.23528192299672,50.6247958636297,2.14425887141934
2020-07-21,255825,2557,207259,248296.142857143,2445,194900.285714286,2574.57142857145,39.1428571428573,4242.71428571429,NA,120070.030607187,450208.017620174,5119.27111877134,5719.57575757575,201433.012399703,95657.6458871186,759942.627784318,259620.454694852,99,29.7178568401902,8663.38189330534,2600.57720057722,0.999511384735659,1.21158963533382,0.567959676399468,0.750567492102675,50.2917577295526,2.13301608500322,1.31376522645654,2.21761088077144,0.757606066764209,4.2409852144315,50.2917577295526,2.13301608500322
2020-07-22,258156,2601,210398,250822.142857143,2484.42857142857,198807.428571429,2526,39.4285714285716,3907.14285714287,NA,119370.965687755,455267.957029746,5059.9394095724,5719.57575757575,200250.968470115,95350.5896100623,768505.602169748,262171.969846367,99,29.4990955981132,8562.97438543034,2551.51515151514,1.00753033049784,1.20644910208303,0.571311896617854,0.747808909035314,49.921546396807,2.10391463835455,1.328530784119,2.24259874758484,0.765051717995737,4.21415684162367,49.921546396807,2.10391463835455
2020-07-23,260394,2635,213490,253273,2522.28571428571,202502.857142857,2450.85714285713,37.8571428571427,3695.42857142855,NA,118478.529346527,460218.96224696,4951.00521721411,5805.5844155844,198740.197079466,94926.8097600043,776884.226383495,264647.583121981,99,29.2513076172572,8378.62421374698,2475.61327561329,1.01192807821993,1.20390327589064,0.572553548670604,0.742533727503351,49.502212890743,2.05327658878375,1.34297845771834,2.26704865675295,0.772275877736044,4.14757909403592,49.502212890743,2.05327658878375
2020-07-24,262772,2672,215731,255690.285714286,2560.14285714286,206012.857142857,2417.28571428571,37.8571428571431,3510,NA,117867.083637304,465149.927793148,4930.96554618794,5504.55411255412,197706.332912209,94622.7378828172,785228.937307813,267094.528430615,98.787893041817,28.9678784107584,8344.71092431806,2446.9453086346,1.01685111046839,1.19791819851712,0.574438442391468,0.738111674613726,49.0225634643603,2.04039968784044,1.35736765296564,2.29139960255607,0.779416380640719,4.16190644278323,49.0225634643603,2.04039968784044
2020-07-25,264973,2703,217782,258055.571428571,2596.71428571429,209379.142857143,2365.28571428571,36.5714285714284,3366.28571428574,NA,116990.689186983,470029.680528974,4879.75273582601,5719.57575757575,196222.214831445,94188.5550299189,793486.980399211,269516.059863431,97.6772666351561,28.6422060057977,8258.04309139773,2421.531432816,1.02010393511792,1.19604726021809,0.575070067268524,0.732705415103286,48.471425548273,2.00685768737432,1.37160740260831,2.3154976404129,0.786482722568661,4.14004706423533,48.471425548273,2.00685768737432
2020-07-26,266941,2733,220323,260344.285714286,2632,212606,2288.71428571429,35.2857142857142,3226.85714285713,NA,116084.423790398,474813.770110745,4784.0895817703,5655.06926406926,194686.952511951,93739.9807944494,801583.13199913,271890.119355137,96.4050940471608,28.2691629160847,8096.15159991907,2374.05949170556,1.0238217433815,1.19558107420597,0.575594090155085,0.727364603107735,47.8401218579896,1.95643007769305,1.38556799479413,2.33912325795814,0.793410535232303,4.08929087863054,47.8401218579896,1.95643007769305
2020-07-27,268934,2760,222936,262570.714285714,2665.85714285714,215417,2226.42857142855,33.8571428571427,2811,NA,114754.87218513,479538.68170894,4724.91159819538,6020.60606060602,192432.689355783,93083.2978281403,809579.13624223,274234.812328677,94.9560815233976,27.8442645068609,7996.00424309995,2344.69297354051,1.02627410442711,1.19370122862759,0.575553152493172,0.721470789661212,47.1210630116108,1.91803849419556,1.39935589796965,2.36245663256287,0.800252652597599,4.07023737028377,47.1210630116108,1.91803849419556
2020-07-28,270831,2789,225624,264714.428571429,2699,218040.571428571,2143.71428571432,33.1428571428573,2623.57142857142,NA,113459.077729583,484167.623184128,4628.94147518848,5891.5930735931,190235.652584857,92443.2945644851,817412.729507934,276531.881030651,93.3239081562005,27.3656572788858,7833.59326570353,2297.06870197324,1.02979348745158,1.19168513727118,0.576040170067164,0.716738966223808,46.3111123181145,1.86817123165697,1.41286374791322,2.38531607092891,0.806955796178618,4.03376465595356,46.3111123181145,1.86817123165697
2020-07-29,272590,2816,228569,266776.428571429,2729.71428571429,220636.428571429,2062,30.7142857142858,2595.85714285716,NA,112034.302018409,488708.159161266,4540.53597713774,5934.59740259743,187818.460721991,91740.6529118941,825096.713469244,278785.079335095,91.5143596519158,26.835037792667,7683.98396131,2253.19830444438,1.03305330349609,1.18952165143554,0.576213011223895,0.712139017024215,45.4131408798981,1.81747564933397,1.42611361917889,2.40773892999388,0.81353092026534,4.00191511159609,45.4131408798981,1.81747564933397
2020-07-30,274219,2842,231198,268751.428571429,2759.28571428571,223166.142857143,1975,29.5714285714284,2529.71428571429,NA,110751.37017919,493152.872343693,4444.71318242629,5698.07359307358,185641.609038038,91108.1840507565,832618.535777965,280990.726478254,89.5428811505825,26.256935074231,7521.82230872137,2205.64714315889,1.03639791553466,1.18802100856618,0.576291888252316,0.70774890564986,44.4348132025447,1.76292337720416,1.43908386713562,2.42968858038221,0.819967283913044,3.9672788622327,44.4348132025447,1.76292337720416
2020-07-31,275905,2866,235658,270627.571428571,2787,226012.857142857,1876.14285714284,27.7142857142858,2846.71428571426,NA,109349.124012811,497476.414056101,4323.54171240859,5698.07359307364,183261.555086144,90417.4421293094,839935.298675887,283136.243418246,87.4447934747891,25.641706357269,7316.76289792231,2145.51693999226,1.03876334245483,1.18539753563211,0.576107714661784,0.703569702372453,43.3936569123014,1.69407308180063,1.45170052107022,2.45103984088692,0.826228179850516,3.90382683791028,43.3936569123014,1.69407308180063
2020-08-01,277478,2887,237548,272414,2813.28571428571,228836.571428571,1786.42857142858,26.2857142857142,2823.71428571429,NA,108040.105405549,501698.235275679,4221.82121957821,5504.55411255406,181039.17194858,89773.035473504,847079.919201327,285231.282519691,85.2694620447228,25.0038272161217,7144.62052543997,2095.03910144483,1.04044284591932,1.18303205354252,0.575445516250145,0.699045081662723,42.3141691349752,1.63374235875421,1.46402034144996,2.4718887676834,0.832341774926175,3.8608642343432,42.3141691349752,1.63374235875421
2020-08-02,278835,2917,240081,274113.142857143,2839.57142857143,231659.142857143,1699.14285714284,26.2857142857142,2822.57142857145,NA,106823.951782051,505819.401998501,4121.16672282212,5311.03463203466,178974.835047275,89174.0645024448,854054.201347642,287276.372773122,83.0840034708795,24.3629784613857,6974.28214631439,2045.09025343059,1.04613839726003,1.1808226371963,0.576688040924267,0.69690317267382,41.2296558577297,1.572736006706,1.47604643898926,2.49224062505759,0.838309612802818,3.81447862101997,41.2296558577297,1.572736006706
2020-08-03,280093,2949,242055,275707.285714286,2866.57142857143,234390.428571429,1594.1428571429,27,2731.28571428571,NA,105668.596915352,509787.060118815,3967.65812031325,5096.01298701292,177014.871866267,88604.1848586046,860768.699705095,289245.285825307,80.9656300146608,23.7418012824945,6714.49835745327,1968.91305218555,1.05286458426308,1.17850476840437,0.578476825071371,0.69542574722995,40.1784329396061,1.49233760490863,1.48762457857124,2.5118343997348,0.844055155753277,3.71420271776531,40.1784329396061,1.49233760490863
2020-08-04,281456,2984,243713,277225.142857143,2894.42857142857,236974.571428571,1517.8571428571,27.8571428571431,2584.14285714284,NA,104524.268606318,513659.091117141,3872.03099832626,4988.50216450222,175074.656925706,88038.9854184614,867321.367548416,291166.744816958,78.9950318717546,23.1639567142739,6552.66784332145,1921.45899165061,1.06020123927008,1.17731006643397,0.580930047107741,0.694879250903645,39.2005421318481,1.4364511775247,1.49892366584262,2.5309559320402,0.849662221617268,3.66431571096571,39.2005421318481,1.4364511775247
2020-08-05,282824,3020,245314,278687.142857143,2923.57142857143,239366.714285714,1462,29.1428571428569,2392.14285714287,NA,103685.953877003,517472.884612934,3813.79349579266,4622.9653679654,173654.882548622,87623.7712348484,873775.479618219,293059.303995321,77.2498961572432,22.6522251889661,6454.11206980294,1892.5591783633,1.0678018838571,1.17688531679579,0.5836054583341,0.69471912867023,38.3345349351733,1.39872847491509,1.51005280854901,2.54978986585102,0.855184954088111,3.64871579265193,38.3345349351733,1.39872847491509
2020-08-06,284226,3055,247089,280116.714285714,2954,241636.857142857,1429.57142857142,30.4285714285716,2270.14285714284,NA,103005.914108542,521274.221467849,3801.33685491583,4450.94805194798,172504.639423974,87285.8760973307,880208.511218846,294945.681682723,75.7839449712968,22.2223598036133,6433.03160062677,1886.37768740184,1.07484888785685,1.17726765502949,0.586063893855611,0.694409401685067,37.6070704368841,1.37875211774644,1.52114560116616,2.56856228412619,0.860689648168799,3.66620232806573,37.6070704368841,1.37875211774644
2020-08-07,285793,3093,248948,281529.285714286,2986.42857142857,243535.428571429,1412.57142857148,32.4285714285716,1898.57142857145,NA,102615.991868735,525088.147712891,3813.92624504119,4171.41991341993,171848.03475441,87090.0059847734,886662.847941224,296838.306736653,74.6355663863865,21.8856172110457,6454.33672237745,1892.62505393027,1.08225183961819,1.1787804851918,0.589043956423713,0.694917592123452,37.0371983571542,1.37134076037617,1.53227513125203,2.58739687350228,0.866212572873067,3.70262841512409,37.0371983571542,1.37134076037617
2020-08-08,287262,3130,250440,282927,3021.14285714286,245377.142857143,1397.71428571426,34.7142857142858,1841.71428571429,NA,102440.797738148,528904.066136417,3815.91842352611,3956.3982683983,171557.387544407,86998.8215719582,893120.556042575,298731.920390433,73.8120092725502,21.6441230197704,6457.70810135186,1893.61365377984,1.08959764953248,1.18094121260348,0.591789740408745,0.695234175647374,36.6285158796114,1.36206279677841,1.5434104747724,2.60624130099829,0.871738382439564,3.71863912635312,36.6285158796114,1.36206279677841
2020-08-09,288690,3167,252039,284334.857142857,3056.85714285714,247085.428571429,1407.85714285716,35.7142857142853,1708.28571428571,NA,102318.91150985,532774.292462231,3870.22632581438,3956.39826839825,171357.646015199,86933.5869452409,899670.169824723,300652.483830311,73.3043810803109,21.4952696400912,6549.61378214741,1920.56343987782,1.0970244899373,1.1841123750202,0.594435588354615,0.695634285501247,36.3766101601543,1.37428199899482,1.55470429577596,2.62535392115816,0.877342834967649,3.77801267782702,36.3766101601543,1.37428199899482
2020-08-10,289947,3199,253478,285742.571428571,3092.57142857143,248717.285714286,1407.71428571426,35.7142857142858,1631.85714285713,NA,102100.98691249,536655.991241494,3881.69877926284,4063.90909090906,170994.883509776,86821.0540086345,906239.198528091,302578.740367389,73.0803119219947,21.4295651500586,6569.02870336792,1926.25653707777,1.10330508679172,1.18765080169721,0.596098814176931,0.695103909752282,36.265417946253,1.37576741306038,1.56603159488256,2.64452319656934,0.882963900689722,3.79372563877319,36.265417946253,1.37576741306038
2020-08-11,291468,3233,255118,287172.857142857,3128.14285714286,250346.571428571,1430.28571428574,35.5714285714289,1629.28571428571,NA,101815.514934646,540599.012770144,3943.02152864996,4192.92207792215,170517.117745073,86675.5050787056,912912.00419196,304535.427742508,73.0973037631231,21.4345477200135,6672.80566386878,1956.68737511948,1.10921267514787,1.19043994685235,0.598040307812148,0.695044717160036,36.2738499877152,1.40079705699698,1.57753784170352,2.66399530657403,0.888673767533202,3.86188385429566,36.2738499877152,1.40079705699698
2020-08-12,293037,3269,257269,288631.857142857,3163.71428571429,252054.428571429,1459,35.5714285714284,1707.85714285716,NA,101404.443310245,544609.954132756,4010.94136261195,4386.4415584415,169825.90862246,86468.2761952757,919699.751113303,306525.819696887,73.3021451774965,21.4946139994163,6787.74692134338,1990.39195437887,1.11555878609186,1.19397609783423,0.60024609818335,0.695487994783871,36.3755006143968,1.43291136877413,1.58924228738489,2.68380283003482,0.894481988698397,3.93942059340025,36.3755006143968,1.43291136877413
2020-08-13,294519,3303,260393,290102.285714286,3199.14285714286,253955,1470.42857142858,35.4285714285716,1900.57142857142,NA,100812.775092735,548633.675525635,4023.72139287938,4579.96103896108,168828.085485136,86172.1476061353,926509.125778176,308522.553621173,73.6416882361709,21.594179257223,6809.37466487288,1996.73392428603,1.121489615271,1.1984456704451,0.602041060792606,0.69564115615889,36.5439956660698,1.44997405567387,1.60098402684759,2.70367346604862,0.900308716552067,3.96799317813804,36.5439956660698,1.44997405567387
2020-08-14,295902,3338,262959,291546.428571429,3234.14285714286,255956.571428571,1444.14285714284,35,2001.57142857142,NA,99825.4561467957,552562.347921688,3928.67239605228,4880.99134199135,167159.018257942,85680.904477216,933157.648294572,310472.120374101,74.0750659075303,21.7212599277721,6648.52251639613,1949.56675292819,1.12807618738636,1.20257864648682,0.604094725700181,0.696085660515292,36.7590552623835,1.43239507473685,1.61244840104367,2.72307471468814,0.905997804498994,3.89699856237308,36.7590552623835,1.43239507473685
2020-08-15,297315,3369,264487,292982.571428571,3268.28571428571,257963.285714286,1436.14285714284,34.1428571428569,2006.71428571429,NA,98447.4054398549,556443.466045916,3881.11812422809,5225.02597402601,164826.5368418,84997.3476280144,939725.694350958,312398.088766575,74.5673118393194,21.8656027198004,6568.04605638585,1925.96839247405,1.13314161747641,1.20676204507081,0.605452342524587,0.695833392956714,37.0033276796623,1.43853092660753,1.62377400572378,2.74224112260832,0.911618029377844,3.88790422206617,37.0033276796623,1.43853092660753
2020-08-16,298542,3408,266953,294390,3302.71428571429,260093.857142857,1407.42857142858,34.4285714285716,2130.57142857142,NA,96814.2753806409,560220.305683671,3776.83963775565,5375.54112554103,162061.888170163,84187.5698757515,946117.269122544,314272.309940198,75.0940492635571,22.0200595584867,6391.57477158657,1874.22117362317,1.14154792290532,1.2116050793185,0.608332108890806,0.697348701083464,37.2647161759005,1.42948347049657,1.63479531229272,2.76089256449422,0.917087249178972,3.83640342869478,37.2647161759005,1.42948347049657
2020-08-17,299914,3436,268385,295813.857142857,3336.57142857143,262223.428571429,1423.85714285716,33.8571428571427,2129.57142857145,NA,95198.485599685,564013.914171114,3793.60848744237,5375.54112554115,159326.188980414,83386.684936115,952537.221947447,316154.852497877,75.6347917368354,22.1786231408765,6419.95282490237,1882.54255767819,1.14566175637016,1.21675428346374,0.609204828758456,0.696741353988374,37.5330545460987,1.47054348974313,1.64586555253397,2.77962681721018,0.922580751855081,3.91843916873538,37.5330545460987,1.47054348974313
2020-08-18,301323,3470,272911,297221.714285714,3370.42857142857,264765.285714286,1407.8571428571,33.8571428571431,2541.85714285716,NA,93535.0537215702,567738.378396895,3724.46422578127,5354.03896103904,156509.963604263,82562.0860878989,958840.161406461,318003.082865557,76.1732502330676,22.3365169856364,6302.93945901445,1848.23036768084,1.15158816286842,1.22159024716064,0.611197011165271,0.697520505888483,37.8002595141539,1.47867503393668,1.6567340208764,2.79801960978967,0.927974127122753,3.91231457340913,37.8002595141539,1.47867503393668
2020-08-19,302686,3506,274091,298600.142857143,3404.28571428571,267168.428571429,1378.42857142858,33.8571428571427,2403.14285714284,NA,91768.8537397027,571360.074518924,3621.69612202863,5354.03896103892,153519.822975609,81686.4895340613,964969.185612971,319800.315527617,76.6972802424563,22.4901799207203,6129.02420650993,1797.23266205931,1.1582960559788,1.22686689189259,0.613623554805085,0.69882645651992,38.0603044812189,1.4734893478624,1.66730259859979,2.81590489516772,0.933218684489248,3.87202014424399,38.0603044812189,1.4734893478624
2020-08-20,303973,3548,275476,299950.714285714,3439.28571428571,269323.142857143,1350.57142857142,35,2154.71428571426,NA,89926.4256998859,574885.183275644,3525.10875671997,5332.53679653682,150401.571128006,80772.4178322403,970934.75427819,321549.617617418,77.2063005266936,22.6394415078274,5965.56866521854,1749.30208980094,1.16720892974047,1.23344835271243,0.617166714887974,0.701436122454336,38.3129010132464,1.47147173654216,1.67758932189836,2.83331319613453,0.938323374246433,3.84129104055146,38.3129010132464,1.47147173654216
2020-08-21,305186,3580,277067,301277,3473.85714285714,271338.571428571,1326.28571428574,34.5714285714284,2015.42857142858,NA,88063.4146725633,578324.773979923,3439.59070427914,5268.03030303027,147248.486532318,79848.1320163187,976755.600085431,323256.482177436,77.7030436598662,22.7851030280811,5820.84580724163,1706.86456001824,1.1730551204839,1.24025132468757,0.619029334566304,0.702253995847917,38.5594051244449,1.47459089413163,1.68762649245879,2.85029917708295,0.943304225802735,3.82489427052086,38.5594051244449,1.47459089413163
2020-08-22,306370,3619,278441,302570.571428571,3509.57142857143,273332,1293.57142857142,35.7142857142858,1993.42857142858,NA,86222.4482136423,581658.539122733,3333.76514281065,5139.0173160173,144134.092744693,78933.7780914836,982397.356480957,324910.831797176,78.1921434946894,22.9285232803977,5641.75639552565,1654.34961974062,1.18125142801188,1.24693430894045,0.622186344149307,0.704552895604194,38.802116320673,1.46861639421031,1.6973548503431,2.8667625519641,0.948131831970892,3.78564146667061,38.802116320673,1.46861639421031
